abolfazl30717,taheri30717,3071767288,30717384,30717,3071727370733370
abolfazl58586,taheri58586,5858616463,58586356,58586,5858674304860282
abolfazl31865,taheri31865,3186538016,31865511,31865,3186587273573265
abolfazl96214,taheri96214,9621484276,96214848,96214,9621420477144461
abolfazl50300,taheri50300,5030015725,50300863,50300,5030042306688808
abolfazl39075,taheri39075,3907561483,39075272,39075,3907587580842022
abolfazl14099,taheri14099,1409981117,14099743,14099,1409932837128430
abolfazl99997,taheri99997,9999774816,99997671,99997,9999733281662660
abolfazl31837,taheri31837,3183711566,31837356,31837,3183705062644033
abolfazl31792,taheri31792,3179278103,31792614,31792,3179264655581706
abolfazl41999,taheri41999,4199914107,41999610,41999,4199925337110704
abolfazl9262,taheri9262,9262501018,92623688,9262,9262138116171627
abolfazl24656,taheri24656,2465602552,24656480,24656,2465606615661370
abolfazl16395,taheri16395,1639513277,16395262,16395,1639547846573728
abolfazl99464,taheri99464,9946411034,99464504,99464,9946485187103003
abolfazl55011,taheri55011,5501142337,55011551,55011,5501180167723020
abolfazl80396,taheri80396,8039616137,80396875,80396,8039633358043724
abolfazl98584,taheri98584,9858480050,98584653,98584,9858403214166233
abolfazl80808,taheri80808,8080821807,80808283,80808,8080837187670656
abolfazl7232,taheri7232,7232112554,72321443,7232,7232557811815433
abolfazl74124,taheri74124,7412487514,74124352,74124,7412440733128286
abolfazl84999,taheri84999,8499930437,84999217,84999,8499934667842343
abolfazl71259,taheri71259,7125918346,71259108,71259,7125985172812746
abolfazl45498,taheri45498,4549868061,45498265,45498,4549857265845415
abolfazl15434,taheri15434,1543432111,15434361,15434,1543484014887807
abolfazl3107,taheri3107,3107066344,31070758,3107,3107016785406512
abolfazl48398,taheri48398,4839834231,48398811,48398,4839875252452878
abolfazl68632,taheri68632,6863234527,68632780,68632,6863230435488484
abolfazl33590,taheri33590,3359026150,33590040,33590,3359031203870455
abolfazl17671,taheri17671,1767141833,17671874,17671,1767167318564275
abolfazl42755,taheri42755,4275563153,42755136,42755,4275565806153881
abolfazl81719,taheri81719,8171944027,81719676,81719,8171924743413814
abolfazl67412,taheri67412,6741272778,67412003,67412,6741265582264405
abolfazl85264,taheri85264,8526447200,85264120,85264,8526435200512254
abolfazl86484,taheri86484,8648400162,86484220,86484,8648405436162716
abolfazl44167,taheri44167,4416730267,44167450,44167,4416742433154724
abolfazl51247,taheri51247,5124756706,51247148,51247,5124752477246840
abolfazl13326,taheri13326,1332684241,13326282,13326,1332601158662234
abolfazl9858,taheri9858,9858171107,98585321,9858,9858883523762064
abolfazl30771,taheri30771,3077171667,30771784,30771,3077103251212575
abolfazl47486,taheri47486,4748645864,47486446,47486,4748646801026554
abolfazl21044,taheri21044,2104443181,21044178,21044,2104484431225455
abolfazl51609,taheri51609,5160980300,51609706,51609,5160934712075786
abolfazl59134,taheri59134,5913436484,59134845,59134,5913422585712354
abolfazl8369,taheri8369,8369280388,83696204,8369,8369478245386772
abolfazl91182,taheri91182,9118210715,91182616,91182,9118285445777073
abolfazl3969,taheri3969,3969083741,39690305,3969,3969452503572208
abolfazl14248,taheri14248,1424835541,14248683,14248,1424874660570876
abolfazl68503,taheri68503,6850327700,68503025,68503,6850378763142306
abolfazl4178,taheri4178,4178352778,41788172,4178,4178123753106205
abolfazl96868,taheri96868,9686804101,96868320,96868,9686856644348583
abolfazl42097,taheri42097,4209788636,42097262,42097,4209755722884713
abolfazl96272,taheri96272,9627284767,96272604,96272,9627257704770072
abolfazl91440,taheri91440,9144070860,91440718,91440,9144047753087041
abolfazl48695,taheri48695,4869563554,48695112,48695,4869548080553275
abolfazl63956,taheri63956,6395682076,63956155,63956,6395612270041380
abolfazl45546,taheri45546,4554606835,45546421,45546,4554606121878364
abolfazl37219,taheri37219,3721908617,37219054,37219,3721922706286136
abolfazl73895,taheri73895,7389501480,73895735,73895,7389580172015771
abolfazl24564,taheri24564,2456440228,24564765,24564,2456423714664382
abolfazl86842,taheri86842,8684235352,86842746,86842,8684217024241285
abolfazl10377,taheri10377,1037743461,10377074,10377,1037778257845072
abolfazl3553,taheri3553,3553681326,35536568,3553,3553681412366048
abolfazl28981,taheri28981,2898100634,28981046,28981,2898100887024078
abolfazl19033,taheri19033,1903330140,19033430,19033,1903308258560473
abolfazl11599,taheri11599,1159963348,11599386,11599,1159938167663525
abolfazl5245,taheri5245,5245075354,52455660,5245,5245354151833263
abolfazl90881,taheri90881,9088124764,90881805,90881,9088123233587563
abolfazl21497,taheri21497,2149777817,21497722,21497,2149724547083511
abolfazl27078,taheri27078,2707873316,27078382,27078,2707888232721387
abolfazl33064,taheri33064,3306471754,33064411,33064,3306413286311833
abolfazl66955,taheri66955,6695537723,66955636,66955,6695540454845482
abolfazl23138,taheri23138,2313852373,23138021,23138,2313873025550477
abolfazl88594,taheri88594,8859427110,88594876,88594,8859481845220520
abolfazl30925,taheri30925,3092545250,30925323,30925,3092500800014026
abolfazl93776,taheri93776,9377670444,93776374,93776,9377647858248816
abolfazl10509,taheri10509,1050976613,10509128,10509,1050934161605708
abolfazl77088,taheri77088,7708852302,77088371,77088,7708818760318814
abolfazl2144,taheri2144,2144735825,21442342,2144,2144640067581860
abolfazl28569,taheri28569,2856946212,28569568,28569,2856923310637834
abolfazl47580,taheri47580,4758081412,47580572,47580,4758032605583226
abolfazl60695,taheri60695,6069523634,60695676,60695,6069530318017842
abolfazl34375,taheri34375,3437537204,34375423,34375,3437548352702672
abolfazl90333,taheri90333,9033374485,90333634,90333,9033385273055237
abolfazl75284,taheri75284,7528403176,75284024,75284,7528477137573383
abolfazl86024,taheri86024,8602435726,86024407,86024,8602405166301611
abolfazl1380,taheri1380,1380543867,13804837,1380,1380632358320384
abolfazl7620,taheri7620,7620813604,76208607,7620,7620825075778248
abolfazl18680,taheri18680,1868000432,18680384,18680,1868034430656875
abolfazl21088,taheri21088,2108877012,21088552,21088,2108871552732861
abolfazl22819,taheri22819,2281955215,22819246,22819,2281905446031846
abolfazl20006,taheri20006,2000628086,20006624,20006,2000676167314833
abolfazl54563,taheri54563,5456312061,54563181,54563,5456347442151100
abolfazl85052,taheri85052,8505205138,85052510,85052,8505202017848635
abolfazl5725,taheri5725,5725457857,57254342,5725,5725868431577118
abolfazl45777,taheri45777,4577785633,45777324,45777,4577766316507436
abolfazl84801,taheri84801,8480146187,84801878,84801,8480122328240487
abolfazl85051,taheri85051,8505106800,85051627,85051,8505126231813282
abolfazl6663,taheri6663,6663721163,66635377,6663,6663458151215354
abolfazl47050,taheri47050,4705062458,47050051,47050,4705044131872222
abolfazl16043,taheri16043,1604335526,16043477,16043,1604346288081715
abolfazl50895,taheri50895,5089570840,50895262,50895,5089518051627161
abolfazl50394,taheri50394,5039400118,50394773,50394,5039421771380152
abolfazl95242,taheri95242,9524208352,95242646,95242,9524274144036448
abolfazl43294,taheri43294,4329413353,43294083,43294,4329434346178056
abolfazl80589,taheri80589,8058901438,80589354,80589,8058912101333087
abolfazl59775,taheri59775,5977584522,59775025,59775,5977517602153564
abolfazl55786,taheri55786,5578671055,55786517,55786,5578677005745012
abolfazl15191,taheri15191,1519151753,15191026,15191,1519154045735476
abolfazl21413,taheri21413,2141310674,21413467,21413,2141371726863564
abolfazl82231,taheri82231,8223142427,82231001,82231,8223124500323386
abolfazl91866,taheri91866,9186665244,91866445,91866,9186636386670253
abolfazl73805,taheri73805,7380566251,73805837,73805,7380540077240608
abolfazl15403,taheri15403,1540325538,15403442,15403,1540348213700276
abolfazl42116,taheri42116,4211604878,42116075,42116,4211668458403821
abolfazl91434,taheri91434,9143477727,91434825,91434,9143414043486104
abolfazl72298,taheri72298,7229874358,72298531,72298,7229887043160200
abolfazl45427,taheri45427,4542753610,45427242,45427,4542712680758251
abolfazl44184,taheri44184,4418466721,44184470,44184,4418437861681208
abolfazl4460,taheri4460,4460005625,44602228,4460,4460380556817265
abolfazl18055,taheri18055,1805550223,18055042,18055,1805575405781154
abolfazl13500,taheri13500,1350031354,13500830,13500,1350087644027805
abolfazl86616,taheri86616,8661673225,86616615,86616,8661648027765163
abolfazl47908,taheri47908,4790842637,47908167,47908,4790846273506163
abolfazl20803,taheri20803,2080388013,20803036,20803,2080350558031453
abolfazl42892,taheri42892,4289215447,42892665,42892,4289252060786342
abolfazl6063,taheri6063,6063485411,60632066,6063,6063008816578871
abolfazl15393,taheri15393,1539366050,15393746,15393,1539371601525877
abolfazl43672,taheri43672,4367216604,43672314,43672,4367262740746464
abolfazl57126,taheri57126,5712648074,57126073,57126,5712602074245234
abolfazl2084,taheri2084,2084308752,20845686,2084,2084337778125121
abolfazl25307,taheri25307,2530725164,25307430,25307,2530737778808234
abolfazl23373,taheri23373,2337375667,23373780,23373,2337346610626454
abolfazl81132,taheri81132,8113265025,81132602,81132,8113240188521411
abolfazl1972,taheri1972,1972381550,19726103,1972,1972584070530126
abolfazl79878,taheri79878,7987824778,79878133,79878,7987847441765715
abolfazl9995,taheri9995,9995835207,99958454,9995,9995138314133440
abolfazl7524,taheri7524,7524156503,75248820,7524,7524272866738664
abolfazl18158,taheri18158,1815851384,18158275,18158,1815878561520034
abolfazl93955,taheri93955,9395551071,93955182,93955,9395503266877304
abolfazl22911,taheri22911,2291118354,22911426,22911,2291175116000175
abolfazl92379,taheri92379,9237922783,92379883,92379,9237988586482531
abolfazl21646,taheri21646,2164687382,21646173,21646,2164645118150771
abolfazl49951,taheri49951,4995160070,49951125,49951,4995131120647517
abolfazl15506,taheri15506,1550668018,15506517,15506,1550658304852620
abolfazl96721,taheri96721,9672125280,96721843,96721,9672115030218080
abolfazl63547,taheri63547,6354784304,63547430,63547,6354747431357416
abolfazl77609,taheri77609,7760981167,77609468,77609,7760907652012725
abolfazl55542,taheri55542,5554235755,55542606,55542,5554225872612476
abolfazl83877,taheri83877,8387740613,83877384,83877,8387753803585437
abolfazl48432,taheri48432,4843213347,48432634,48432,4843287781304606
abolfazl15597,taheri15597,1559788687,15597060,15597,1559731674788165
abolfazl41276,taheri41276,4127622122,41276133,41276,4127645514350577
abolfazl2649,taheri2649,2649135708,26493823,2649,2649806658476843
abolfazl84024,taheri84024,8402466304,84024333,84024,8402402742164214
abolfazl4593,taheri4593,4593810100,45936203,4593,4593046335171225
abolfazl84290,taheri84290,8429045683,84290264,84290,8429004545420023
abolfazl97570,taheri97570,9757032233,97570411,97570,9757032848654135
abolfazl38194,taheri38194,3819420022,38194514,38194,3819445143081316
abolfazl4011,taheri4011,4011730302,40112781,4011,4011272542351834
abolfazl45609,taheri45609,4560935054,45609384,45609,4560933816363665
abolfazl91278,taheri91278,9127874643,91278651,91278,9127800025713300
abolfazl68212,taheri68212,6821255802,68212070,68212,6821268745457086
abolfazl45533,taheri45533,4553306748,45533688,45533,4553353013834657
abolfazl8741,taheri8741,8741214450,87410246,8741,8741250542536432
abolfazl84625,taheri84625,8462553057,84625036,84625,8462585666067848
abolfazl8076,taheri8076,8076513533,80768307,8076,8076266525603758
abolfazl81742,taheri81742,8174276353,81742703,81742,8174205765852742
abolfazl2286,taheri2286,2286110588,22864866,2286,2286246724883006
abolfazl75918,taheri75918,7591838087,75918726,75918,7591845513583374
abolfazl53378,taheri53378,5337847021,53378457,53378,5337823615080854
abolfazl29542,taheri29542,2954213630,29542402,29542,2954261621101288
abolfazl37183,taheri37183,3718305070,37183020,37183,3718316644165744
abolfazl49817,taheri49817,4981774225,49817730,49817,4981750016723810
abolfazl41286,taheri41286,4128615605,41286006,41286,4128671864172316
abolfazl93359,taheri93359,9335927106,93359584,93359,9335973825052870
abolfazl86978,taheri86978,8697880065,86978045,86978,8697844306048264
abolfazl44628,taheri44628,4462835362,44628255,44628,4462855053686734
abolfazl70178,taheri70178,7017886404,70178262,70178,7017851854454125
abolfazl71860,taheri71860,7186083186,71860570,71860,7186070778467008
abolfazl1952,taheri1952,1952338782,19525624,1952,1952361572075605
abolfazl98517,taheri98517,9851743267,98517533,98517,9851753228878460
abolfazl91260,taheri91260,9126027688,91260000,91260,9126080882114248
abolfazl67459,taheri67459,6745933617,67459075,67459,6745985148481717
abolfazl87674,taheri87674,8767453238,87674042,87674,8767434383628250
abolfazl2977,taheri2977,2977647255,29775332,2977,2977101851855321
abolfazl6782,taheri6782,6782585215,67827686,6782,6782068814382726
abolfazl79485,taheri79485,7948537328,79485783,79485,7948517476240086
abolfazl32722,taheri32722,3272241680,32722548,32722,3272217663100080
abolfazl19231,taheri19231,1923116730,19231043,19231,1923174565726383
abolfazl88052,taheri88052,8805263837,88052036,88052,8805261327754680
abolfazl14676,taheri14676,1467617176,14676420,14676,1467637430671774
abolfazl13651,taheri13651,1365125074,13651860,13651,1365181334528780
abolfazl52255,taheri52255,5225572640,52255324,52255,5225537877227473
abolfazl22948,taheri22948,2294805073,22948588,22948,2294852044310788
abolfazl31962,taheri31962,3196276417,31962036,31962,3196211732682175
abolfazl15742,taheri15742,1574237301,15742705,15742,1574273684788278
abolfazl18615,taheri18615,1861534436,18615823,18615,1861500786151724
abolfazl17450,taheri17450,1745031244,17450186,17450,1745018045878086
abolfazl76315,taheri76315,7631575070,76315164,76315,7631557402373031
abolfazl33171,taheri33171,3317135045,33171315,33171,3317146032068256
abolfazl65641,taheri65641,6564157537,65641665,65641,6564142116054744
abolfazl5172,taheri5172,5172060313,51726721,5172,5172000712705186
abolfazl52007,taheri52007,5200760240,52007475,52007,5200785867633343
abolfazl57880,taheri57880,5788070745,57880230,57880,5788086184461506
abolfazl77984,taheri77984,7798482740,77984321,77984,7798458661670701
abolfazl3798,taheri3798,3798182458,37986808,3798,3798736560522364
abolfazl58791,taheri58791,5879153246,58791114,58791,5879187841186218
abolfazl93705,taheri93705,9370528484,93705508,93705,9370520528317410
abolfazl63001,taheri63001,6300118880,63001412,63001,6300101683014168
abolfazl23723,taheri23723,2372337605,23723023,23723,2372337384834431
abolfazl13809,taheri13809,1380973664,13809074,13809,1380974214666805
abolfazl12828,taheri12828,1282886850,12828742,12828,1282813336580770
abolfazl63263,taheri63263,6326307002,63263728,63263,6326344287064844
abolfazl58314,taheri58314,5831476886,58314006,58314,5831434713446471
abolfazl20311,taheri20311,2031167653,20311108,20311,2031148071671353
abolfazl98863,taheri98863,9886386188,98863866,98863,9886385878322735
abolfazl11150,taheri11150,1115056731,11150306,11150,1115063312581504
abolfazl53633,taheri53633,5363315706,53633054,53633,5363300830613412
abolfazl59289,taheri59289,5928946667,59289228,59289,5928974550724548
abolfazl48561,taheri48561,4856146716,48561862,48561,4856181342285433
abolfazl26681,taheri26681,2668128130,26681133,26681,2668147161186571
abolfazl15760,taheri15760,1576007364,15760874,15760,1576064205537103
abolfazl45691,taheri45691,4569110551,45691820,45691,4569160560317821
abolfazl70537,taheri70537,7053748512,70537381,70537,7053754811258558
abolfazl45959,taheri45959,4595983555,45959432,45959,4595960122831475
abolfazl46212,taheri46212,4621215625,46212176,46212,4621262785704142
abolfazl80337,taheri80337,8033762032,80337647,80337,8033786542727550
abolfazl8391,taheri8391,8391683366,83918364,8391,8391464160422030
abolfazl41304,taheri41304,4130424685,41304020,41304,4130464250752331
abolfazl62222,taheri62222,6222288623,62222127,62222,6222264847313811
abolfazl2166,taheri2166,2166166006,21664361,2166,2166540502536580
abolfazl30150,taheri30150,3015012254,30150354,30150,3015083872266533
abolfazl28038,taheri28038,2803824088,28038678,28038,2803824447173485
abolfazl1151,taheri1151,1151200546,11514647,1151,1151867255114158
abolfazl37564,taheri37564,3756415574,37564305,37564,3756473103177710
abolfazl46810,taheri46810,4681007564,46810000,46810,4681044713147873
abolfazl39079,taheri39079,3907906701,39079461,39079,3907942157267557
abolfazl19395,taheri19395,1939585364,19395285,19395,1939508077880731
abolfazl36574,taheri36574,3657423628,36574672,36574,3657437838572085
abolfazl14555,taheri14555,1455525452,14555663,14555,1455517860560712
abolfazl50222,taheri50222,5022208400,50222857,50222,5022272256687008
abolfazl11864,taheri11864,1186406620,11864246,11864,1186470314880284
abolfazl94610,taheri94610,9461007856,94610854,94610,9461035056266460
abolfazl82670,taheri82670,8267021862,82670507,82670,8267021478517610
abolfazl74289,taheri74289,7428936406,74289275,74289,7428907672413607
abolfazl56521,taheri56521,5652175347,56521430,56521,5652181548741307
abolfazl66426,taheri66426,6642627484,66426222,66426,6642670886080708
abolfazl685,taheri685,6855503270,68527668,685,6851628713543688
abolfazl85669,taheri85669,8566980078,85669863,85669,8566912052373150
abolfazl61131,taheri61131,6113146168,61131783,61131,6113170568715541
abolfazl99321,taheri99321,9932168560,99321641,99321,9932118285186708
abolfazl84786,taheri84786,8478661074,84786665,84786,8478675870582830
abolfazl80069,taheri80069,8006956076,80069415,80069,8006971654758352
abolfazl39827,taheri39827,3982782151,39827086,39827,3982723042265402
abolfazl93186,taheri93186,9318617308,93186520,93186,9318606148062100
abolfazl23237,taheri23237,2323778776,23237831,23237,2323777812222626
abolfazl62258,taheri62258,6225806173,62258046,62258,6225822863023078
abolfazl27089,taheri27089,2708970686,27089114,27089,2708915384572664
abolfazl33548,taheri33548,3354854551,33548763,33548,3354864851641434
abolfazl47167,taheri47167,4716742560,47167342,47167,4716730821701437
abolfazl54228,taheri54228,5422804657,54228237,54228,5422847402503568
abolfazl70862,taheri70862,7086272637,70862511,70862,7086203302673462
abolfazl12419,taheri12419,1241917734,12419462,12419,1241907000514370
abolfazl26043,taheri26043,2604303833,26043570,26043,2604348047025308
abolfazl31935,taheri31935,3193532056,31935231,31935,3193514718115308
abolfazl11710,taheri11710,1171020215,11710334,11710,1171040101130557
abolfazl59128,taheri59128,5912875317,59128215,59128,5912847765677200
abolfazl59992,taheri59992,5999233312,59992132,59992,5999208344512623
abolfazl90801,taheri90801,9080151032,90801425,90801,9080103332550016
abolfazl8833,taheri8833,8833532321,88331575,8833,8833132757365340
abolfazl25464,taheri25464,2546458236,25464706,25464,2546468365818237
abolfazl75565,taheri75565,7556517333,75565450,75565,7556526734845652
abolfazl3479,taheri3479,3479733328,34795747,3479,3479058003382364
abolfazl90652,taheri90652,9065287563,90652654,90652,9065260182180644
abolfazl50490,taheri50490,5049074801,50490445,50490,5049075607311847
abolfazl27370,taheri27370,2737060073,27370026,27370,2737036552713686
abolfazl79887,taheri79887,7988706346,79887411,79887,7988712085410628
abolfazl334,taheri334,3341134752,33435206,334,3348871451175563
abolfazl79249,taheri79249,7924918754,79249401,79249,7924976247484681
abolfazl90150,taheri90150,9015056858,90150747,90150,9015078565021572
abolfazl22633,taheri22633,2263302308,22633130,22633,2263374250268225
abolfazl51186,taheri51186,5118680287,51186050,51186,5118625054007285
abolfazl84513,taheri84513,8451375820,84513034,84513,8451333621564817
abolfazl53482,taheri53482,5348211036,53482071,53482,5348242052108756
abolfazl19815,taheri19815,1981554151,19815531,19815,1981537032258458
abolfazl47057,taheri47057,4705740253,47057686,47057,4705784138151531
abolfazl36239,taheri36239,3623935017,36239375,36239,3623964878325564
abolfazl38714,taheri38714,3871414843,38714322,38714,3871442868485565
abolfazl8323,taheri8323,8323253200,83238658,8323,8323258841240506
abolfazl45760,taheri45760,4576053835,45760387,45760,4576080868320848
abolfazl43857,taheri43857,4385728042,43857404,43857,4385762848332801
abolfazl12347,taheri12347,1234724708,12347157,12347,1234750830404604
abolfazl24303,taheri24303,2430308448,24303817,24303,2430385224167776
abolfazl64029,taheri64029,6402952887,64029073,64029,6402958153171237
abolfazl92293,taheri92293,9229320272,92293338,92293,9229304826281233
abolfazl94246,taheri94246,9424605043,94246377,94246,9424665763054435
abolfazl94135,taheri94135,9413552672,94135054,94135,9413576460173345
abolfazl81730,taheri81730,8173047346,81730475,81730,8173043231165358
abolfazl95454,taheri95454,9545483054,95454762,95454,9545465657215581
abolfazl16807,taheri16807,1680701356,16807300,16807,1680701754187574
abolfazl31747,taheri31747,3174786141,31747111,31747,3174703320551666
abolfazl84324,taheri84324,8432404328,84324321,84324,8432468436434740
abolfazl69688,taheri69688,6968870408,69688562,69688,6968853205450402
abolfazl32914,taheri32914,3291407821,32914048,32914,3291468513618803
abolfazl70168,taheri70168,7016874451,70168466,70168,7016884502333304
abolfazl18539,taheri18539,1853923071,18539082,18539,1853970366501047
abolfazl60141,taheri60141,6014184881,60141367,60141,6014117581603424
abolfazl85603,taheri85603,8560370504,85603412,85603,8560365607585417
abolfazl60287,taheri60287,6028734663,60287002,60287,6028727173203541
abolfazl93101,taheri93101,9310166141,93101552,93101,9310183574670051
abolfazl768,taheri768,7685214042,76833156,768,7686386046458610
abolfazl62512,taheri62512,6251288161,62512108,62512,6251278567254508
abolfazl31709,taheri31709,3170914484,31709181,31709,3170933513373015
abolfazl713,taheri713,7133432461,71324836,713,7132414374782807
abolfazl39638,taheri39638,3963857560,39638447,39638,3963841546346378
abolfazl66509,taheri66509,6650966777,66509455,66509,6650917050764764
abolfazl96065,taheri96065,9606504625,96065285,96065,9606524482781050
abolfazl60253,taheri60253,6025371437,60253747,60253,6025378858688310
abolfazl10308,taheri10308,1030825685,10308058,10308,1030843244626805
abolfazl47036,taheri47036,4703657815,47036003,47036,4703661027237004
abolfazl86301,taheri86301,8630132206,86301138,86301,8630182485164657
abolfazl37189,taheri37189,3718936831,37189322,37189,3718937340255877
abolfazl77444,taheri77444,7744434167,77444384,77444,7744472222357187
abolfazl45711,taheri45711,4571126377,45711403,45711,4571125705447287
abolfazl73036,taheri73036,7303673458,73036784,73036,7303673577404803
abolfazl80369,taheri80369,8036904777,80369720,80369,8036942655054128
abolfazl86721,taheri86721,8672163180,86721764,86721,8672175422001483
abolfazl70427,taheri70427,7042765408,70427253,70427,7042706181707411
abolfazl8945,taheri8945,8945256138,89452011,8945,8945301083053881
abolfazl12769,taheri12769,1276945264,12769036,12769,1276970074851005
abolfazl98194,taheri98194,9819464117,98194008,98194,9819480476472421
abolfazl79547,taheri79547,7954761743,79547844,79547,7954760252861641
abolfazl31104,taheri31104,3110436325,31104028,31104,3110483235567370
abolfazl49055,taheri49055,4905535776,49055754,49055,4905571650210523
abolfazl70244,taheri70244,7024432737,70244734,70244,7024426815153138
abolfazl77790,taheri77790,7779061061,77790654,77790,7779017871480085
abolfazl16598,taheri16598,1659854828,16598578,16598,1659837738452547
abolfazl68185,taheri68185,6818577288,68185310,68185,6818535385377433
abolfazl25167,taheri25167,2516722132,25167557,25167,2516768041425707
abolfazl3758,taheri3758,3758143770,37582241,3758,3758176054610600
abolfazl44770,taheri44770,4477048133,44770838,44770,4477088132871676
abolfazl98170,taheri98170,9817083817,98170818,98170,9817065405374308
abolfazl98602,taheri98602,9860256368,98602335,98602,9860210547540260
abolfazl18974,taheri18974,1897461373,18974743,18974,1897447123043588
abolfazl99367,taheri99367,9936740484,99367721,99367,9936740285172878
abolfazl30917,taheri30917,3091756637,30917112,30917,3091724787884267
abolfazl56283,taheri56283,5628386020,56283671,56283,5628312360481081
abolfazl77199,taheri77199,7719942163,77199771,77199,7719938152385224
abolfazl60250,taheri60250,6025041430,60250056,60250,6025084677213725
abolfazl27117,taheri27117,2711722602,27117580,27117,2711763034053132
abolfazl31559,taheri31559,3155974110,31559023,31559,3155974276245270
abolfazl19999,taheri19999,1999960662,19999658,19999,1999926653431766
abolfazl28966,taheri28966,2896676648,28966314,28966,2896678400568428
abolfazl22003,taheri22003,2200355570,22003541,22003,2200378728610781
abolfazl73191,taheri73191,7319142283,73191205,73191,7319134814018045
abolfazl79022,taheri79022,7902204782,79022740,79022,7902270616425366
abolfazl80463,taheri80463,8046363427,80463051,80463,8046365743632665
abolfazl43868,taheri43868,4386813188,43868884,43868,4386831057358870
abolfazl69947,taheri69947,6994783453,69947066,69947,6994772353436055
abolfazl49998,taheri49998,4999867721,49998057,49998,4999822835031560
abolfazl39795,taheri39795,3979534476,39795435,39795,3979573004837532
abolfazl27342,taheri27342,2734250080,27342881,27342,2734284163040745
abolfazl13048,taheri13048,1304811826,13048157,13048,1304888761161852
abolfazl71015,taheri71015,7101553114,71015041,71015,7101503705346131
abolfazl50220,taheri50220,5022045320,50220460,50220,5022071082706656
abolfazl67208,taheri67208,6720813715,67208655,67208,6720807680432827
abolfazl41342,taheri41342,4134241054,41342277,41342,4134280572253744
abolfazl82405,taheri82405,8240533047,82405656,82405,8240580138512055
abolfazl18867,taheri18867,1886742018,18867532,18867,1886703327248074
abolfazl71932,taheri71932,7193204484,71932138,71932,7193204515180001
abolfazl26309,taheri26309,2630942462,26309703,26309,2630917362531420
abolfazl67007,taheri67007,6700781777,67007310,67007,6700750568747363
abolfazl37886,taheri37886,3788680860,37886522,37886,3788676514167660
abolfazl43305,taheri43305,4330577673,43305540,43305,4330506854172433
abolfazl65333,taheri65333,6533346215,65333522,65333,6533335673033337
abolfazl96612,taheri96612,9661287887,96612721,96612,9661235137533872
abolfazl77034,taheri77034,7703435823,77034273,77034,7703474647264783
abolfazl5625,taheri5625,5625083637,56258311,5625,5625254631412201
abolfazl31060,taheri31060,3106016157,31060481,31060,3106018081816181
abolfazl32899,taheri32899,3289902561,32899326,32899,3289922051006028
abolfazl31988,taheri31988,3198845148,31988833,31988,3198887071667845
abolfazl17843,taheri17843,1784378632,17843280,17843,1784347836523470
abolfazl53593,taheri53593,5359331458,53593285,53593,5359331416236300
abolfazl14647,taheri14647,1464741415,14647152,14647,1464716146642328
abolfazl17761,taheri17761,1776103108,17761112,17761,1776136076620072
abolfazl13022,taheri13022,1302226743,13022071,13022,1302282463221125
abolfazl95328,taheri95328,9532850456,95328708,95328,9532858403171264
abolfazl12269,taheri12269,1226923706,12269632,12269,1226924216230771
abolfazl18141,taheri18141,1814173688,18141645,18141,1814177683385886
abolfazl48020,taheri48020,4802012624,48020536,48020,4802031526704001
abolfazl1239,taheri1239,1239011081,12397281,1239,1239705480207207
abolfazl25876,taheri25876,2587631330,25876234,25876,2587645848321734
abolfazl24928,taheri24928,2492806301,24928871,24928,2492858116034754
abolfazl15070,taheri15070,1507064738,15070875,15070,1507015532444816
abolfazl34005,taheri34005,3400511714,34005555,34005,3400530226550427
abolfazl53760,taheri53760,5376052566,53760556,53760,5376070168723532
abolfazl43149,taheri43149,4314900386,43149411,43149,4314965522410566
abolfazl31825,taheri31825,3182528031,31825846,31825,3182518178708154
abolfazl53834,taheri53834,5383432132,53834807,53834,5383478347205467
abolfazl83707,taheri83707,8370701435,83707424,83707,8370728830110283
abolfazl72468,taheri72468,7246827282,72468800,72468,7246884750767887
abolfazl97477,taheri97477,9747786058,97477258,97477,9747743201101853
abolfazl24306,taheri24306,2430636327,24306777,24306,2430602134074032
abolfazl85641,taheri85641,8564148242,85641171,85641,8564177600322348
abolfazl43735,taheri43735,4373508026,43735646,43735,4373501048551730
abolfazl63758,taheri63758,6375801034,63758807,63758,6375857827354576
abolfazl82403,taheri82403,8240314206,82403625,82403,8240323645223271
abolfazl91254,taheri91254,9125421263,91254728,91254,9125433874125026
abolfazl5194,taheri5194,5194166632,51943088,5194,5194274152463216
abolfazl69817,taheri69817,6981713181,69817411,69817,6981777087160146
abolfazl51205,taheri51205,5120546835,51205886,51205,5120546803483743
abolfazl43710,taheri43710,4371086425,43710176,43710,4371032047613142
abolfazl21555,taheri21555,2155526144,21555572,21555,2155570500516536
abolfazl22309,taheri22309,2230927422,22309176,22309,2230932031315773
abolfazl69505,taheri69505,6950564811,69505051,69505,6950550018867870
abolfazl70680,taheri70680,7068032047,70680882,70680,7068038228724882
abolfazl82929,taheri82929,8292911755,82929732,82929,8292925314106286
abolfazl891,taheri891,8917782860,89154358,891,8914510661077124
abolfazl3506,taheri3506,3506041623,35064512,3506,3506061645070651
abolfazl19968,taheri19968,1996811813,19968262,19968,1996866140880814
abolfazl51129,taheri51129,5112911582,51129852,51129,5112912545543555
abolfazl69675,taheri69675,6967556852,69675523,69675,6967573847537457
abolfazl73945,taheri73945,7394580482,73945440,73945,7394555752053566
abolfazl42944,taheri42944,4294436886,42944804,42944,4294414615737657
abolfazl37116,taheri37116,3711666406,37116110,37116,3711634556771065
abolfazl4388,taheri4388,4388335673,43887733,4388,4388727737433873
abolfazl6700,taheri6700,6700014841,67000431,6700,6700728406046433
abolfazl98298,taheri98298,9829833061,98298020,98298,9829844037772158
abolfazl65412,taheri65412,6541205268,65412047,65412,6541232000206048
abolfazl70480,taheri70480,7048076622,70480540,70480,7048084656332707
abolfazl62158,taheri62158,6215854331,62158668,62158,6215846865671806
abolfazl90004,taheri90004,9000473451,90004836,90004,9000400812638716
abolfazl22173,taheri22173,2217360314,22173582,22173,2217336500230163
abolfazl57226,taheri57226,5722628283,57226614,57226,5722683074863624
abolfazl69242,taheri69242,6924220576,69242622,69242,6924220265747664
abolfazl82273,taheri82273,8227366050,82273016,82273,8227378452542880
abolfazl50288,taheri50288,5028804307,50288284,50288,5028848535841546
abolfazl11357,taheri11357,1135750344,11357210,11357,1135718633247152
abolfazl24377,taheri24377,2437720441,24377874,24377,2437747765122242
abolfazl4456,taheri4456,4456745516,44568557,4456,4456565434488481
abolfazl62411,taheri62411,6241172707,62411472,62411,6241176322024534
abolfazl15450,taheri15450,1545036025,15450268,15450,1545026410332840
abolfazl22227,taheri22227,2222706002,22227744,22227,2222763885155481
abolfazl9235,taheri9235,9235060864,92353868,9235,9235650316167500
abolfazl9468,taheri9468,9468084258,94686773,9468,9468558675073865
abolfazl74197,taheri74197,7419700304,74197142,74197,7419701155435550
abolfazl11746,taheri11746,1174605107,11746335,11746,1174625353682027
abolfazl56406,taheri56406,5640605715,56406820,56406,5640682524502588
abolfazl67804,taheri67804,6780418438,67804526,67804,6780476710461700
abolfazl48061,taheri48061,4806120272,48061007,48061,4806123763464214
abolfazl51329,taheri51329,5132930663,51329178,51329,5132913316530528
abolfazl43706,taheri43706,4370670528,43706273,43706,4370631231311078
abolfazl5513,taheri5513,5513560271,55133234,5513,5513844431367208
abolfazl83350,taheri83350,8335061158,83350586,83350,8335054070851068
abolfazl34308,taheri34308,3430834356,34308871,34308,3430847543037876
abolfazl76453,taheri76453,7645360427,76453637,76453,7645313711848357
abolfazl57451,taheri57451,5745130607,57451605,57451,5745146217835848
abolfazl34357,taheri34357,3435731766,34357688,34357,3435704812762730
abolfazl64866,taheri64866,6486681350,64866678,64866,6486641071610183
abolfazl31208,taheri31208,3120856447,31208723,31208,3120876234581071
abolfazl12696,taheri12696,1269631242,12696035,12696,1269633820162337
abolfazl14199,taheri14199,1419967615,14199112,14199,1419920285221648
abolfazl30828,taheri30828,3082826847,30828506,30828,3082864704743664
abolfazl92581,taheri92581,9258127135,92581856,92581,9258103132374145
abolfazl10642,taheri10642,1064201441,10642450,10642,1064202416234457
abolfazl93118,taheri93118,9311825404,93118250,93118,9311868785165728
abolfazl21825,taheri21825,2182501325,21825303,21825,2182555405101548
abolfazl83354,taheri83354,8335400827,83354763,83354,8335410364441752
abolfazl62734,taheri62734,6273475040,62734118,62734,6273464505375115
abolfazl22377,taheri22377,2237758158,22377028,22377,2237707324561867
abolfazl44122,taheri44122,4412266255,44122614,44122,4412266674237176
abolfazl46959,taheri46959,4695980552,46959225,46959,4695947630467136
abolfazl15697,taheri15697,1569728673,15697724,15697,1569746844537240
abolfazl1935,taheri1935,1935671665,19350273,1935,1935770774115113
abolfazl93889,taheri93889,9388937637,93889386,93889,9388922323038006
abolfazl14359,taheri14359,1435948766,14359840,14359,1435921031041075
abolfazl12435,taheri12435,1243565653,12435730,12435,1243567537663882
abolfazl25656,taheri25656,2565658643,25656162,25656,2565610262483033
abolfazl28127,taheri28127,2812738256,28127157,28127,2812775440737450
abolfazl52230,taheri52230,5223087355,52230833,52230,5223087673038642
abolfazl11653,taheri11653,1165353605,11653177,11653,1165363507457766
abolfazl10936,taheri10936,1093658083,10936164,10936,1093686571337556
abolfazl84082,taheri84082,8408258208,84082722,84082,8408257833681837
abolfazl45456,taheri45456,4545658056,45456788,45456,4545637218604264
abolfazl21262,taheri21262,2126254223,21262388,21262,2126234800112678
abolfazl74409,taheri74409,7440953885,74409760,74409,7440972337108735
abolfazl79165,taheri79165,7916546765,79165758,79165,7916550824782162
abolfazl76186,taheri76186,7618602544,76186654,76186,7618670235207551
abolfazl72337,taheri72337,7233722855,72337251,72337,7233767051651736
abolfazl50148,taheri50148,5014800774,50148068,50148,5014847133223485
abolfazl66841,taheri66841,6684108254,66841045,66841,6684133307845341
abolfazl52095,taheri52095,5209550104,52095157,52095,5209500212544655
abolfazl33162,taheri33162,3316224278,33162512,33162,3316263766131347
abolfazl71483,taheri71483,7148387318,71483857,71483,7148328514704434
abolfazl62698,taheri62698,6269854577,62698446,62698,6269804144425613
abolfazl32929,taheri32929,3292954025,32929057,32929,3292987453647324
abolfazl81912,taheri81912,8191250837,81912358,81912,8191231146441601
abolfazl82550,taheri82550,8255052155,82550167,82550,8255042752252613
abolfazl13964,taheri13964,1396407184,13964668,13964,1396442832630804
abolfazl44266,taheri44266,4426667826,44266631,44266,4426687475258400
abolfazl96853,taheri96853,9685348085,96853044,96853,9685384183270360
abolfazl47656,taheri47656,4765638715,47656036,47656,4765673475266128
abolfazl16588,taheri16588,1658833183,16588488,16588,1658863082650465
abolfazl98941,taheri98941,9894156718,98941786,98941,9894135370167415
abolfazl64991,taheri64991,6499101883,64991773,64991,6499101302801155
abolfazl71213,taheri71213,7121350527,71213822,71213,7121387686047365
abolfazl46483,taheri46483,4648312346,46483881,46483,4648358785456483
abolfazl13854,taheri13854,1385441728,13854462,13854,1385403226553668
abolfazl28443,taheri28443,2844360813,28443134,28443,2844340503217201
abolfazl81602,taheri81602,8160216288,81602680,81602,8160264185602524
abolfazl59421,taheri59421,5942165051,59421682,59421,5942164472552527
abolfazl33627,taheri33627,3362711328,33627310,33627,3362774745881467
abolfazl78448,taheri78448,7844880521,78448434,78448,7844873882207213
abolfazl81256,taheri81256,8125617736,81256851,81256,8125611002464068
abolfazl79830,taheri79830,7983006460,79830474,79830,7983004887717803
abolfazl36046,taheri36046,3604633135,36046381,36046,3604670165801358
abolfazl67160,taheri67160,6716065535,67160715,67160,6716075753312847
abolfazl3272,taheri3272,3272136452,32721375,3272,3272767177758570
abolfazl50896,taheri50896,5089661564,50896145,50896,5089611402055657
abolfazl80786,taheri80786,8078666678,80786618,80786,8078621137875348
abolfazl49573,taheri49573,4957381642,49573887,49573,4957381713048085
abolfazl14231,taheri14231,1423121824,14231466,14231,1423167554317488
abolfazl66899,taheri66899,6689965128,66899444,66899,6689952367537725
abolfazl87937,taheri87937,8793783253,87937648,87937,8793723014266171
abolfazl49232,taheri49232,4923251477,49232588,49232,4923252886741343
abolfazl10410,taheri10410,1041026485,10410233,10410,1041027833764057
abolfazl74971,taheri74971,7497105715,74971324,74971,7497162537684702
abolfazl19953,taheri19953,1995300861,19953743,19953,1995357618574712
abolfazl36133,taheri36133,3613365125,36133567,36133,3613378643745320
abolfazl8702,taheri8702,8702282686,87020524,8702,8702013355777410
abolfazl46019,taheri46019,4601945511,46019462,46019,4601906610248557
abolfazl35879,taheri35879,3587902427,35879678,35879,3587903845661268
abolfazl92428,taheri92428,9242868378,92428067,92428,9242887571780243
abolfazl28913,taheri28913,2891344416,28913007,28913,2891302342330582
abolfazl83368,taheri83368,8336838142,83368441,83368,8336840550432726
abolfazl68859,taheri68859,6885930735,68859350,68859,6885980634834586
abolfazl52071,taheri52071,5207154633,52071812,52071,5207186332653282
abolfazl57198,taheri57198,5719806758,57198738,57198,5719854655836612
abolfazl20604,taheri20604,2060435611,20604507,20604,2060475516511776
abolfazl97145,taheri97145,9714530721,97145352,97145,9714526363557142
abolfazl903,taheri903,9033607764,90356182,903,9031063683465037
abolfazl42144,taheri42144,4214461086,42144653,42144,4214418163662812
abolfazl40713,taheri40713,4071334024,40713844,40713,4071351280678835
abolfazl71488,taheri71488,7148872544,71488153,71488,7148885657615485
abolfazl57612,taheri57612,5761276780,57612437,57612,5761247064832616
abolfazl34759,taheri34759,3475964023,34759386,34759,3475982861520887
abolfazl76159,taheri76159,7615988700,76159504,76159,7615916640723387
abolfazl3437,taheri3437,3437645316,34373823,3437,3437817087133564
abolfazl33591,taheri33591,3359168066,33591831,33591,3359120428846527
abolfazl61993,taheri61993,6199352368,61993573,61993,6199353420314850
abolfazl38652,taheri38652,3865218736,38652151,38652,3865210047127040
abolfazl28690,taheri28690,2869040687,28690071,28690,2869048818712132
abolfazl36941,taheri36941,3694115745,36941864,36941,3694102343121038
abolfazl54271,taheri54271,5427144606,54271253,54271,5427121422480656
abolfazl4535,taheri4535,4535358436,45354345,4535,4535713364535115
abolfazl17919,taheri17919,1791925764,17919177,17919,1791912243050667
abolfazl95114,taheri95114,9511421822,95114816,95114,9511441657466036
abolfazl71376,taheri71376,7137604335,71376787,71376,7137672754063083
abolfazl69385,taheri69385,6938522227,69385171,69385,6938587751558030
abolfazl9410,taheri9410,9410728751,94102516,9410,9410244544085760
abolfazl65599,taheri65599,6559953310,65599445,65599,6559976717841567
abolfazl81212,taheri81212,8121230061,81212836,81212,8121287047164877
abolfazl90937,taheri90937,9093751872,90937832,90937,9093787604084757
abolfazl16587,taheri16587,1658770230,16587546,16587,1658750347157405
abolfazl87595,taheri87595,8759560786,87595848,87595,8759527663452625
abolfazl96430,taheri96430,9643031838,96430237,96430,9643051440688081
abolfazl21283,taheri21283,2128388253,21283842,21283,2128348088188248
abolfazl33480,taheri33480,3348023000,33480756,33480,3348071878686204
abolfazl24465,taheri24465,2446577573,24465728,24465,2446575003341672
abolfazl43124,taheri43124,4312455775,43124302,43124,4312477061715416
abolfazl33604,taheri33604,3360457317,33604830,33604,3360405518148323
abolfazl24912,taheri24912,2491202628,24912273,24912,2491220060431058
abolfazl6267,taheri6267,6267766016,62677288,6267,6267232113016663
abolfazl94699,taheri94699,9469924816,94699083,94699,9469922127336085
abolfazl96356,taheri96356,9635601558,96356272,96356,9635618260651086
abolfazl59355,taheri59355,5935583001,59355741,59355,5935545773501531
abolfazl6859,taheri6859,6859245471,68590512,6859,6859773484172834
abolfazl68148,taheri68148,6814844078,68148804,68148,6814884877553103
abolfazl41408,taheri41408,4140805581,41408215,41408,4140825633800448
abolfazl45838,taheri45838,4583884060,45838684,45838,4583821780803436
abolfazl71738,taheri71738,7173827725,71738428,71738,7173855622268334
abolfazl32675,taheri32675,3267517873,32675863,32675,3267582083071763
abolfazl79091,taheri79091,7909152025,79091843,79091,7909101264063223
abolfazl51509,taheri51509,5150943551,51509852,51509,5150981450261277
abolfazl77007,taheri77007,7700728345,77007065,77007,7700728565040051
abolfazl13398,taheri13398,1339826338,13398037,13398,1339826756078041
abolfazl35424,taheri35424,3542444363,35424250,35424,3542417640816543
abolfazl40520,taheri40520,4052087337,40520437,40520,4052048767166854
abolfazl70493,taheri70493,7049370211,70493006,70493,7049370628552218
abolfazl2434,taheri2434,2434203055,24343114,2434,2434185435651824
abolfazl27632,taheri27632,2763247816,27632815,27632,2763208368030438
abolfazl41657,taheri41657,4165758464,41657488,41657,4165708340266621
abolfazl29960,taheri29960,2996037243,29960837,29960,2996040210531062
abolfazl20897,taheri20897,2089758066,20897886,20897,2089785776885753
abolfazl95203,taheri95203,9520360827,95203555,95203,9520360235323080
abolfazl50583,taheri50583,5058388184,50583635,50583,5058342570733815
abolfazl57703,taheri57703,5770332706,57703238,57703,5770377568061530
abolfazl36674,taheri36674,3667423231,36674283,36674,3667446163000444
abolfazl24032,taheri24032,2403227186,24032147,24032,2403246203834874
abolfazl2604,taheri2604,2604350560,26042518,2604,2604001610147232
abolfazl395,taheri395,3957055351,39552485,395,3950275772857235
abolfazl74244,taheri74244,7424446475,74244375,74244,7424467838668053
abolfazl30194,taheri30194,3019445681,30194506,30194,3019457567411813
abolfazl79652,taheri79652,7965282668,79652720,79652,7965242644500378
abolfazl94528,taheri94528,9452834768,94528308,94528,9452846871823078
abolfazl5956,taheri5956,5956663347,59561633,5956,5956220455137058
abolfazl34068,taheri34068,3406815566,34068115,34068,3406815084182522
abolfazl75186,taheri75186,7518653286,75186246,75186,7518670371220017
abolfazl72908,taheri72908,7290887176,72908122,72908,7290835055541627
abolfazl5334,taheri5334,5334873636,53341588,5334,5334280176040430
abolfazl9972,taheri9972,9972247078,99726048,9972,9972645740467536
abolfazl38555,taheri38555,3855588523,38555865,38555,3855503455631026
abolfazl40743,taheri40743,4074325332,40743604,40743,4074365211514684
abolfazl9343,taheri9343,9343800786,93436040,9343,9343804874281653
abolfazl7200,taheri7200,7200227476,72008658,7200,7200215124420486
abolfazl49118,taheri49118,4911812567,49118816,49118,4911808047063823
abolfazl71458,taheri71458,7145823387,71458284,71458,7145873233771245
abolfazl54625,taheri54625,5462551374,54625252,54625,5462585820628251
abolfazl10205,taheri10205,1020546421,10205414,10205,1020507824058684
abolfazl14242,taheri14242,1424206235,14242537,14242,1424204774276454
abolfazl27663,taheri27663,2766375700,27663408,27663,2766337320803150
abolfazl48189,taheri48189,4818952042,48189421,48189,4818908762543384
abolfazl9415,taheri9415,9415522587,94158750,9415,9415856852117642
abolfazl78120,taheri78120,7812058150,78120373,78120,7812012230122547
abolfazl85487,taheri85487,8548783355,85487315,85487,8548784564483762
abolfazl40659,taheri40659,4065977205,40659117,40659,4065984288812147
abolfazl12229,taheri12229,1222900747,12229654,12229,1222906424103330
abolfazl30048,taheri30048,3004831136,30048442,30048,3004824722764623
abolfazl63417,taheri63417,6341713020,63417161,63417,6341714441837866
abolfazl94213,taheri94213,9421325033,94213335,94213,9421386264365711
abolfazl4712,taheri4712,4712140711,47127812,4712,4712721516288452
abolfazl98615,taheri98615,9861538313,98615877,98615,9861575122044178
abolfazl88452,taheri88452,8845275528,88452510,88452,8845268046360563
abolfazl50555,taheri50555,5055501623,50555623,50555,5055567815316305
abolfazl51392,taheri51392,5139241516,51392425,51392,5139211850656712
abolfazl65709,taheri65709,6570972315,65709071,65709,6570972533811357
abolfazl22738,taheri22738,2273882042,22738834,22738,2273832848113878
abolfazl77311,taheri77311,7731161583,77311686,77311,7731174604350045
abolfazl58715,taheri58715,5871586473,58715361,58715,5871586681000341
abolfazl54149,taheri54149,5414945265,54149612,54149,5414906877602047
abolfazl71801,taheri71801,7180160045,71801701,71801,7180120841488476
abolfazl78312,taheri78312,7831267060,78312634,78312,7831232607535741
abolfazl50107,taheri50107,5010723837,50107648,50107,5010780867030423
abolfazl26069,taheri26069,2606975341,26069111,26069,2606918081184315
abolfazl52174,taheri52174,5217451437,52174504,52174,5217463002653816
abolfazl83252,taheri83252,8325235063,83252857,83252,8325235482181163
abolfazl82643,taheri82643,8264382607,82643603,82643,8264325275614540
abolfazl16733,taheri16733,1673307072,16733540,16733,1673376778303734
abolfazl84208,taheri84208,8420808766,84208027,84208,8420807274336184
abolfazl26414,taheri26414,2641404851,26414513,26414,2641442730543131
abolfazl70901,taheri70901,7090133773,70901072,70901,7090133202224463
abolfazl47695,taheri47695,4769507238,47695533,47695,4769514437626370
abolfazl88271,taheri88271,8827150822,88271330,88271,8827157340148540
abolfazl8219,taheri8219,8219850087,82191075,8219,8219157882386077
abolfazl72447,taheri72447,7244731638,72447416,72447,7244707368833217
abolfazl98135,taheri98135,9813576340,98135123,98135,9813533643064223
abolfazl76864,taheri76864,7686414657,76864556,76864,7686465310801866
abolfazl18793,taheri18793,1879358111,18793545,18793,1879375178728144
abolfazl58556,taheri58556,5855651035,58556454,58556,5855637578572105
abolfazl96125,taheri96125,9612546640,96125426,96125,9612576745016558
abolfazl54206,taheri54206,5420688147,54206345,54206,5420638845560212
abolfazl43451,taheri43451,4345106560,43451361,43451,4345133172805022
abolfazl91451,taheri91451,9145131605,91451323,91451,9145156003221414
abolfazl5476,taheri5476,5476680721,54761374,5476,5476031238628704
abolfazl6134,taheri6134,6134584685,61343188,6134,6134121743258628
abolfazl99961,taheri99961,9996183100,99961747,99961,9996146882823827
abolfazl84075,taheri84075,8407548664,84075183,84075,8407548183275206
abolfazl36460,taheri36460,3646017452,36460234,36460,3646020527687212
abolfazl3376,taheri3376,3376751454,33763356,3376,3376751763602708
abolfazl71955,taheri71955,7195535301,71955514,71955,7195574278263727
abolfazl55793,taheri55793,5579308262,55793708,55793,5579355873118146
abolfazl88312,taheri88312,8831203062,88312807,88312,8831258772346724
abolfazl86377,taheri86377,8637775530,86377178,86377,8637722564784618
abolfazl87362,taheri87362,8736273372,87362631,87362,8736220564487337
abolfazl19157,taheri19157,1915724656,19157288,19157,1915724864707146
abolfazl68059,taheri68059,6805903027,68059337,68059,6805904466341021
abolfazl78424,taheri78424,7842406240,78424188,78424,7842438011640840
abolfazl63100,taheri63100,6310010136,63100016,63100,6310033434000180
abolfazl87063,taheri87063,8706348017,87063305,87063,8706363020478372
abolfazl41055,taheri41055,4105507702,41055557,41055,4105550107576775
abolfazl46930,taheri46930,4693015644,46930651,46930,4693068222351830
abolfazl43987,taheri43987,4398721557,43987565,43987,4398706388583514
abolfazl85663,taheri85663,8566374822,85663028,85663,8566381301603841
abolfazl44113,taheri44113,4411333821,44113577,44113,4411371708613527
abolfazl83912,taheri83912,8391205567,83912550,83912,8391281354643207
abolfazl81772,taheri81772,8177242260,81772846,81772,8177217628862886
abolfazl86866,taheri86866,8686652824,86866175,86866,8686610750302702
abolfazl74860,taheri74860,7486016738,74860744,74860,7486016250255322
abolfazl34062,taheri34062,3406248244,34062436,34062,3406278342816724
abolfazl12567,taheri12567,1256758627,12567140,12567,1256773588330435
abolfazl62080,taheri62080,6208040813,62080655,62080,6208040131738560
abolfazl79552,taheri79552,7955282048,79552158,79552,7955230025452045
abolfazl77207,taheri77207,7720714861,77207182,77207,7720741672582625
abolfazl37616,taheri37616,3761686350,37616363,37616,3761642180302302
abolfazl44250,taheri44250,4425006015,44250865,44250,4425044183522838
abolfazl30527,taheri30527,3052713641,30527236,30527,3052787660580084
abolfazl5020,taheri5020,5020618637,50200185,5020,5020774550544333
abolfazl54928,taheri54928,5492873103,54928674,54928,5492873511257628
abolfazl98978,taheri98978,9897814848,98978183,98978,9897854045668355
abolfazl49412,taheri49412,4941231487,49412662,49412,4941204256223274
abolfazl49307,taheri49307,4930773833,49307246,49307,4930716541736788
abolfazl93008,taheri93008,9300820757,93008615,93008,9300807265252718
abolfazl94363,taheri94363,9436347007,94363137,94363,9436338644054351
abolfazl47616,taheri47616,4761651881,47616103,47616,4761638422026514
abolfazl41724,taheri41724,4172472224,41724050,41724,4172463757781570
abolfazl65372,taheri65372,6537254082,65372423,65372,6537254061403206
abolfazl8735,taheri8735,8735648473,87358003,8735,8735037254404664
abolfazl73666,taheri73666,7366681746,73666267,73666,7366668577727842
abolfazl6831,taheri6831,6831722714,68315260,6831,6831736008382087
abolfazl65424,taheri65424,6542465741,65424628,65424,6542412551511261
abolfazl9838,taheri9838,9838082804,98386608,9838,9838270054506322
abolfazl72130,taheri72130,7213076888,72130810,72130,7213032608301208
abolfazl72401,taheri72401,7240157662,72401550,72401,7240127461541173
abolfazl62930,taheri62930,6293087873,62930838,62930,6293016305406472
abolfazl38212,taheri38212,3821247067,38212033,38212,3821258385041488
abolfazl10283,taheri10283,1028305383,10283357,10283,1028305701225523
abolfazl29230,taheri29230,2923084185,29230547,29230,2923046875645313
abolfazl43595,taheri43595,4359528586,43595181,43595,4359570248288808
abolfazl25412,taheri25412,2541218030,25412440,25412,2541228471722546
abolfazl62883,taheri62883,6288385445,62883571,62883,6288300684234473
abolfazl81920,taheri81920,8192081561,81920856,81920,8192048448271633
abolfazl56803,taheri56803,5680316575,56803762,56803,5680300622650840
abolfazl52592,taheri52592,5259270748,52592877,52592,5259264028667335
abolfazl58264,taheri58264,5826447672,58264516,58264,5826476625470012
abolfazl75221,taheri75221,7522112001,75221614,75221,7522182410664173
abolfazl38808,taheri38808,3880837186,38808021,38808,3880853052218144
abolfazl48891,taheri48891,4889141375,48891420,48891,4889101473483645
abolfazl61352,taheri61352,6135278642,61352600,61352,6135205610715455
abolfazl39630,taheri39630,3963075637,39630143,39630,3963087702456058
abolfazl57723,taheri57723,5772368277,57723228,57723,5772330860104588
abolfazl23509,taheri23509,2350958363,23509841,23509,2350964222546173
abolfazl95949,taheri95949,9594955740,95949765,95949,9594955078053823
abolfazl92708,taheri92708,9270865080,92708154,92708,9270821813272107
abolfazl26663,taheri26663,2666383433,26663162,26663,2666334624658811
abolfazl26981,taheri26981,2698112802,26981360,26981,2698165570606275
abolfazl56579,taheri56579,5657950324,56579366,56579,5657962635828264
abolfazl36230,taheri36230,3623036165,36230101,36230,3623014384866728
abolfazl77246,taheri77246,7724613341,77246252,77246,7724667045581077
abolfazl55638,taheri55638,5563824202,55638603,55638,5563875101574066
abolfazl91576,taheri91576,9157660135,91576445,91576,9157616056721332
abolfazl74845,taheri74845,7484521874,74845515,74845,7484567604858181
abolfazl76162,taheri76162,7616252833,76162501,76162,7616212738785471
abolfazl33768,taheri33768,3376865042,33768801,33768,3376823857861642
abolfazl8015,taheri8015,8015755672,80155435,8015,8015053128614742
abolfazl87248,taheri87248,8724858531,87248783,87248,8724822074728336
abolfazl53005,taheri53005,5300566583,53005566,53005,5300514207835508
abolfazl38983,taheri38983,3898303208,38983056,38983,3898366375343525
abolfazl77712,taheri77712,7771276384,77712201,77712,7771210577301687
abolfazl7011,taheri7011,7011015234,70116758,7011,7011635672877722
abolfazl49134,taheri49134,4913467884,49134682,49134,4913402178502368
abolfazl95289,taheri95289,9528934706,95289052,95289,9528904463752464
abolfazl49967,taheri49967,4996746771,49967165,49967,4996758113563528
abolfazl57242,taheri57242,5724258722,57242883,57242,5724255528841467
abolfazl90177,taheri90177,9017740246,90177124,90177,9017716447624725
abolfazl53392,taheri53392,5339231537,53392541,53392,5339266182030768
abolfazl32152,taheri32152,3215226705,32152564,32152,3215236213234286
abolfazl96764,taheri96764,9676477610,96764505,96764,9676474451566868
abolfazl36009,taheri36009,3600957435,36009482,36009,3600934206181543
abolfazl4607,taheri4607,4607214276,46075752,4607,4607527175040305
abolfazl1492,taheri1492,1492828738,14924446,1492,1492644611750488
abolfazl41011,taheri41011,4101143520,41011205,41011,4101185062787456
abolfazl38124,taheri38124,3812430615,38124832,38124,3812475367481083
abolfazl586,taheri586,5865587307,58656468,586,5863540762017260
abolfazl89179,taheri89179,8917915421,89179583,89179,8917915061261006
abolfazl8431,taheri8431,8431071111,84317640,8431,8431448228351584
abolfazl39819,taheri39819,3981946210,39819788,39819,3981910517510730
abolfazl25014,taheri25014,2501471683,25014582,25014,2501431781176467
abolfazl78518,taheri78518,7851865763,78518252,78518,7851821341185032
abolfazl23114,taheri23114,2311440786,23114214,23114,2311426407118031
abolfazl87197,taheri87197,8719745042,87197503,87197,8719755458663213
abolfazl92255,taheri92255,9225584273,92255102,92255,9225534352743776
abolfazl26799,taheri26799,2679972118,26799326,26799,2679950336687181
abolfazl35878,taheri35878,3587863745,35878670,35878,3587851253183130
abolfazl11431,taheri11431,1143185126,11431567,11431,1143126533651170
abolfazl17544,taheri17544,1754406585,17544070,17544,1754463777405485
abolfazl13656,taheri13656,1365615335,13656450,13656,1365626743842802
abolfazl97011,taheri97011,9701147772,97011808,97011,9701107077254517
abolfazl57178,taheri57178,5717888256,57178248,57178,5717842534625827
abolfazl13165,taheri13165,1316500781,13165042,13165,1316577322464834
abolfazl32596,taheri32596,3259624626,32596281,32596,3259654464341225
abolfazl66957,taheri66957,6695768068,66957306,66957,6695733015452030
abolfazl74152,taheri74152,7415214767,74152154,74152,7415244540372882
abolfazl95637,taheri95637,9563773672,95637131,95637,9563721482630385
abolfazl98214,taheri98214,9821415111,98214570,98214,9821418884472608
abolfazl38817,taheri38817,3881783805,38817266,38817,3881781323341888
abolfazl56388,taheri56388,5638845138,56388303,56388,5638822338645318
abolfazl25283,taheri25283,2528382054,25283863,25283,2528380473002082
abolfazl19380,taheri19380,1938025127,19380317,19380,1938066216351513
abolfazl94128,taheri94128,9412866566,94128388,94128,9412864551303452
abolfazl89590,taheri89590,8959038665,89590814,89590,8959054833561755
abolfazl620,taheri620,6207258127,62051133,620,6206618230808718
abolfazl18295,taheri18295,1829582176,18295175,18295,1829532874206101
abolfazl26381,taheri26381,2638104268,26381516,26381,2638141088775874
abolfazl54264,taheri54264,5426446512,54264162,54264,5426462802123378
abolfazl60035,taheri60035,6003520747,60035004,60035,6003527266015541
abolfazl85794,taheri85794,8579415420,85794801,85794,8579442230613280
abolfazl61248,taheri61248,6124885655,61248403,61248,6124843122500863
abolfazl53617,taheri53617,5361776880,53617520,53617,5361760415818450
abolfazl81103,taheri81103,8110366036,81103264,81103,8110347588014653
abolfazl68717,taheri68717,6871738157,68717704,68717,6871774558717545
abolfazl22317,taheri22317,2231756786,22317264,22317,2231786400322322
abolfazl76203,taheri76203,7620331667,76203658,76203,7620325351884385
abolfazl55870,taheri55870,5587033252,55870510,55870,5587035320330507
abolfazl79549,taheri79549,7954902837,79549576,79549,7954908326425045
abolfazl29742,taheri29742,2974286887,29742680,29742,2974244400228278
abolfazl53298,taheri53298,5329885545,53298826,53298,5329845421556663
abolfazl97523,taheri97523,9752378750,97523732,97523,9752373106071883
abolfazl76689,taheri76689,7668901645,76689780,76689,7668912077643155
abolfazl96797,taheri96797,9679744667,96797534,96797,9679783508744142
abolfazl46699,taheri46699,4669975548,46699182,46699,4669915320215344
abolfazl99034,taheri99034,9903407103,99034353,99034,9903405084457416
abolfazl89867,taheri89867,8986736436,89867502,89867,8986735857183751
abolfazl97166,taheri97166,9716635164,97166324,97166,9716685260487371
abolfazl30574,taheri30574,3057456553,30574716,30574,3057422645802472
abolfazl45597,taheri45597,4559748504,45597824,45597,4559758215103548
abolfazl93177,taheri93177,9317706063,93177163,93177,9317706481864765
abolfazl65945,taheri65945,6594535580,65945821,65945,6594568067536347
abolfazl38767,taheri38767,3876713680,38767873,38767,3876740412106680
abolfazl61664,taheri61664,6166442283,61664128,61664,6166465683056500
abolfazl21237,taheri21237,2123723628,21237043,21237,2123733847842064
abolfazl61812,taheri61812,6181210148,61812885,61812,6181238133137513
abolfazl53381,taheri53381,5338188334,53381231,53381,5338152012331813
abolfazl73412,taheri73412,7341285404,73412814,73412,7341285722256145
abolfazl38400,taheri38400,3840038637,38400547,38400,3840043137631475
abolfazl94164,taheri94164,9416415332,94164107,94164,9416425740353323
abolfazl60933,taheri60933,6093350665,60933203,60933,6093326681877207
abolfazl83094,taheri83094,8309486311,83094584,83094,8309442670712671
abolfazl22427,taheri22427,2242763574,22427032,22427,2242744082774846
abolfazl76620,taheri76620,7662027788,76620171,76620,7662077581866531
abolfazl91830,taheri91830,9183056350,91830167,91830,9183004541623223
abolfazl61595,taheri61595,6159536422,61595313,61595,6159516767814415
abolfazl87634,taheri87634,8763451480,87634246,87634,8763487226808275
abolfazl79325,taheri79325,7932506675,79325541,79325,7932523663466203
abolfazl6231,taheri6231,6231882172,62313277,6231,6231041051364451
abolfazl81940,taheri81940,8194065452,81940611,81940,8194023287014131
abolfazl3386,taheri3386,3386656550,33860836,3386,3386055641246502
abolfazl35319,taheri35319,3531947245,35319302,35319,3531934425618822
abolfazl1067,taheri1067,1067204500,10676686,1067,1067263886625601
abolfazl42927,taheri42927,4292726515,42927013,42927,4292731027335485
abolfazl2354,taheri2354,2354168811,23544562,2354,2354866760162723
abolfazl81909,taheri81909,8190963613,81909411,81909,8190977111428187
abolfazl86098,taheri86098,8609842018,86098135,86098,8609846308322478
abolfazl86698,taheri86698,8669886805,86698177,86698,8669867243582086
abolfazl75980,taheri75980,7598017860,75980405,75980,7598076501384683
abolfazl76051,taheri76051,7605114306,76051824,76051,7605167672568066
abolfazl75252,taheri75252,7525233440,75252386,75252,7525200450475610
abolfazl62719,taheri62719,6271963572,62719213,62719,6271981325025765
abolfazl5989,taheri5989,5989260561,59892324,5989,5989264655163477
abolfazl73806,taheri73806,7380605734,73806343,73806,7380605253008734
abolfazl88790,taheri88790,8879087035,88790501,88790,8879080715887270
abolfazl86032,taheri86032,8603271260,86032142,86032,8603275616337871
abolfazl63664,taheri63664,6366437007,63664322,63664,6366475813271463
abolfazl34678,taheri34678,3467883716,34678178,34678,3467812588615862
abolfazl78638,taheri78638,7863831235,78638521,78638,7863865468528285
abolfazl20432,taheri20432,2043254148,20432810,20432,2043266124657054
abolfazl52561,taheri52561,5256105118,52561672,52561,5256153256536815
abolfazl93202,taheri93202,9320273352,93202883,93202,9320206031727035
abolfazl89939,taheri89939,8993924776,89939722,89939,8993963663283431
abolfazl33420,taheri33420,3342066787,33420281,33420,3342060100518041
abolfazl8644,taheri8644,8644647372,86444814,8644,8644115675358741
abolfazl752,taheri752,7521503803,75246373,752,7522358701222424
abolfazl61582,taheri61582,6158271875,61582355,61582,6158210680230263
abolfazl4180,taheri4180,4180056181,41807538,4180,4180058265164432
abolfazl26494,taheri26494,2649466767,26494242,26494,2649408537421562
abolfazl96103,taheri96103,9610338216,96103716,96103,9610387575167687
abolfazl3757,taheri3757,3757673217,37576314,3757,3757613163451178
abolfazl49514,taheri49514,4951402044,49514741,49514,4951422804348606
abolfazl87532,taheri87532,8753270844,87532420,87532,8753242348364745
abolfazl69995,taheri69995,6999546710,69995876,69995,6999560047666318
abolfazl27254,taheri27254,2725403280,27254085,27254,2725486721171637
abolfazl20710,taheri20710,2071028040,20710127,20710,2071062813640458
abolfazl71128,taheri71128,7112866631,71128817,71128,7112827373331477
abolfazl81900,taheri81900,8190022624,81900164,81900,8190054826737643
abolfazl94617,taheri94617,9461788760,94617827,94617,9461758717733841
abolfazl49859,taheri49859,4985906545,49859037,49859,4985944443050706
abolfazl96938,taheri96938,9693833015,96938036,96938,9693886413067437
abolfazl73548,taheri73548,7354863323,73548084,73548,7354838628184325
abolfazl39518,taheri39518,3951828887,39518250,39518,3951818877622253
abolfazl49546,taheri49546,4954606845,49546733,49546,4954658638324285
abolfazl31018,taheri31018,3101887703,31018585,31018,3101840784851343
abolfazl96699,taheri96699,9669958274,96699733,96699,9669965474710360
abolfazl90109,taheri90109,9010923581,90109276,90109,9010923018226258
abolfazl41625,taheri41625,4162516035,41625220,41625,4162582865616107
abolfazl28163,taheri28163,2816334406,28163865,28163,2816380120632355
abolfazl56977,taheri56977,5697724550,56977485,56977,5697705744548186
abolfazl54604,taheri54604,5460400285,54604432,54604,5460410835670082
abolfazl29711,taheri29711,2971107247,29711217,29711,2971157173243317
abolfazl16547,taheri16547,1654771486,16547783,16547,1654717731704427
abolfazl45831,taheri45831,4583134477,45831572,45831,4583175487238755
abolfazl46771,taheri46771,4677118630,46771483,46771,4677110058537688
abolfazl94551,taheri94551,9455113871,94551785,94551,9455163872225751
abolfazl32224,taheri32224,3222432134,32224134,32224,3222456874658318
abolfazl85458,taheri85458,8545882158,85458175,85458,8545873577418073
abolfazl45563,taheri45563,4556312337,45563807,45563,4556337045100004
abolfazl88398,taheri88398,8839863612,88398146,88398,8839876044166416
abolfazl17973,taheri17973,1797328643,17973255,17973,1797331501546536
abolfazl56125,taheri56125,5612545062,56125730,56125,5612512245718001
abolfazl90213,taheri90213,9021341257,90213058,90213,9021331317716526
abolfazl58578,taheri58578,5857812372,58578518,58578,5857841802424470
abolfazl34569,taheri34569,3456913043,34569184,34569,3456906561268646
abolfazl9025,taheri9025,9025220126,90257665,9025,9025104706852641
abolfazl93368,taheri93368,9336863440,93368588,93368,9336878330703376
abolfazl50666,taheri50666,5066616574,50666318,50666,5066602231775057
abolfazl22416,taheri22416,2241618424,22416338,22416,2241658040446853
abolfazl37316,taheri37316,3731630065,37316700,37316,3731605435280514
abolfazl66002,taheri66002,6600211825,66002333,66002,6600254318572445
abolfazl19020,taheri19020,1902071644,19020026,19020,1902007148100852
abolfazl47051,taheri47051,4705135580,47051785,47051,4705116275857116
abolfazl62892,taheri62892,6289234262,62892731,62892,6289208007182452
abolfazl64095,taheri64095,6409500602,64095037,64095,6409564471563066
abolfazl51599,taheri51599,5159915201,51599805,51599,5159946111374142
abolfazl43467,taheri43467,4346755346,43467583,43467,4346755654151021
abolfazl2334,taheri2334,2334335554,23343704,2334,2334676082327438
abolfazl62375,taheri62375,6237584402,62375401,62375,6237510855700375
abolfazl92973,taheri92973,9297358230,92973350,92973,9297368008683646
abolfazl17203,taheri17203,1720335123,17203111,17203,1720332380540276
abolfazl62328,taheri62328,6232882762,62328872,62328,6232870636161066
abolfazl32514,taheri32514,3251476657,32514204,32514,3251441760180635
abolfazl78452,taheri78452,7845273848,78452788,78452,7845200238214846
abolfazl1115,taheri1115,1115521156,11157503,1115,1115085055831558
abolfazl49575,taheri49575,4957577511,49575156,49575,4957535742683750
abolfazl20263,taheri20263,2026358131,20263310,20263,2026302634522844
abolfazl15754,taheri15754,1575437748,15754178,15754,1575446132807451
abolfazl20881,taheri20881,2088181766,20881633,20881,2088161362777801
abolfazl26629,taheri26629,2662935778,26629751,26629,2662935217358227
abolfazl97666,taheri97666,9766631854,97666615,97666,9766678753175722
abolfazl15195,taheri15195,1519550776,15195418,15195,1519546080140144
abolfazl67098,taheri67098,6709863805,67098348,67098,6709857614664206
abolfazl30642,taheri30642,3064246305,30642184,30642,3064273117832711
abolfazl82851,taheri82851,8285184513,82851805,82851,8285184032780110
abolfazl22017,taheri22017,2201786618,22017623,22017,2201704014662240
abolfazl81526,taheri81526,8152643737,81526553,81526,8152681345008436
abolfazl78190,taheri78190,7819024121,78190605,78190,7819030310324371
abolfazl16051,taheri16051,1605168754,16051707,16051,1605168261616343
abolfazl60686,taheri60686,6068611781,60686168,60686,6068658687272772
abolfazl61985,taheri61985,6198543607,61985172,61985,6198531121720015
abolfazl62833,taheri62833,6283374550,62833482,62833,6283305547857471
abolfazl61890,taheri61890,6189074375,61890265,61890,6189028263475363
abolfazl74712,taheri74712,7471286350,74712737,74712,7471205164405312
abolfazl19829,taheri19829,1982985474,19829471,19829,1982940715807167
abolfazl33287,taheri33287,3328730444,33287647,33287,3328754026051485
abolfazl61532,taheri61532,6153285775,61532118,61532,6153243673540435
abolfazl65185,taheri65185,6518505583,65185745,65185,6518570578143103
abolfazl45485,taheri45485,4548544885,45485853,45485,4548546640072644
abolfazl58411,taheri58411,5841161381,58411117,58411,5841181821840103
abolfazl15962,taheri15962,1596217835,15962558,15962,1596271673774448
abolfazl39266,taheri39266,3926611472,39266364,39266,3926614158761137
abolfazl30309,taheri30309,3030912887,30309103,30309,3030925151403561
abolfazl30879,taheri30879,3087975771,30879764,30879,3087975403005606
abolfazl58420,taheri58420,5842068405,58420580,58420,5842053864865114
abolfazl49748,taheri49748,4974885574,49748612,49748,4974886253344701
abolfazl68477,taheri68477,6847745448,68477486,68477,6847743866228656
abolfazl92325,taheri92325,9232561703,92325153,92325,9232564788232730
abolfazl47796,taheri47796,4779616655,47796436,47796,4779621876853003
abolfazl21435,taheri21435,2143565521,21435750,21435,2143570018737373
abolfazl81500,taheri81500,8150032423,81500421,81500,8150012117216852
abolfazl60926,taheri60926,6092638104,60926315,60926,6092622075086541
abolfazl59366,taheri59366,5936637636,59366073,59366,5936617851477118
abolfazl90192,taheri90192,9019232711,90192408,90192,9019270250815158
abolfazl88209,taheri88209,8820924676,88209280,88209,8820950188716182
abolfazl26396,taheri26396,2639674713,26396637,26396,2639614413187146
abolfazl67243,taheri67243,6724321821,67243821,67243,6724328444287761
abolfazl56329,taheri56329,5632902465,56329265,56329,5632945678622214
abolfazl74293,taheri74293,7429310286,74293263,74293,7429346007257448
abolfazl12325,taheri12325,1232541003,12325801,12325,1232503284073602
abolfazl38125,taheri38125,3812537547,38125882,38125,3812531037028854
abolfazl20903,taheri20903,2090372241,20903234,20903,2090364444086443
abolfazl73068,taheri73068,7306868366,73068605,73068,7306805356022326
abolfazl14791,taheri14791,1479158721,14791160,14791,1479163321184487
abolfazl35725,taheri35725,3572548246,35725824,35725,3572547544582037
abolfazl36699,taheri36699,3669982461,36699043,36699,3669980378164253
abolfazl48907,taheri48907,4890738185,48907017,48907,4890725845880858
abolfazl40498,taheri40498,4049818562,40498320,40498,4049822352812728
abolfazl30296,taheri30296,3029613478,30296781,30296,3029614786470133
abolfazl97845,taheri97845,9784513380,97845550,97845,9784550100640047
abolfazl22707,taheri22707,2270782722,22707150,22707,2270737676333544
abolfazl77367,taheri77367,7736742786,77367453,77367,7736788088246346
abolfazl91032,taheri91032,9103217005,91032238,91032,9103288375206540
abolfazl22795,taheri22795,2279570300,22795415,22795,2279566356562251
abolfazl13915,taheri13915,1391527768,13915061,13915,1391538754673662
abolfazl91195,taheri91195,9119581654,91195331,91195,9119522143885383
abolfazl9670,taheri9670,9670270005,96702658,9670,9670238206648617
abolfazl66051,taheri66051,6605168484,66051440,66051,6605140325327523
abolfazl21388,taheri21388,2138814700,21388072,21388,2138828388580454
abolfazl92055,taheri92055,9205568515,92055071,92055,9205515352518674
abolfazl85438,taheri85438,8543810101,85438144,85438,8543850200207073
abolfazl34205,taheri34205,3420576884,34205410,34205,3420554165541837
abolfazl51653,taheri51653,5165372770,51653788,51653,5165303030876571
abolfazl20272,taheri20272,2027247472,20272122,20272,2027202770874160
abolfazl37131,taheri37131,3713102526,37131463,37131,3713142310444357
abolfazl32928,taheri32928,3292865410,32928574,32928,3292808202252644
abolfazl93791,taheri93791,9379123138,93791385,93791,9379101065280341
abolfazl78318,taheri78318,7831860570,78318143,78318,7831881548246288
abolfazl30784,taheri30784,3078444507,30784513,30784,3078444014471602
abolfazl31403,taheri31403,3140380071,31403011,31403,3140367506723333
abolfazl64923,taheri64923,6492376778,64923446,64923,6492386257481547
abolfazl26537,taheri26537,2653713254,26537063,26537,2653713672825003
abolfazl14696,taheri14696,1469667542,14696452,14696,1469686181804600
abolfazl79128,taheri79128,7912867214,79128381,79128,7912864123547341
