'abolfazl0','taheri0','9762673138','97626668','97626','9762647418775328'
'abolfazl1','taheri1','2123967885','21239565','21239','2123963267714486'
'abolfazl2','taheri2','1651010403','16516274','1651','1651254270016574'
'abolfazl3','taheri3','6399211050','63992563','63992','6399284246621781'
'abolfazl4','taheri4','3980017587','39800523','39800','3980038256643467'
'abolfazl5','taheri5','2845222652','28452878','28452','2845244181581282'
'abolfazl6','taheri6','6893825112','68938468','68938','6893884784471483'
'abolfazl7','taheri7','1344338266','13443240','13443','1344366726107358'
'abolfazl8','taheri8','5178983164','51789461','51789','5178985802140845'
'abolfazl9','taheri9','9792964110','97929323','97929','9792928840022202'
'abolfazl10','taheri10','4977312376','49773837','49773','4977384244612647'
'abolfazl11','taheri11','4826574865','48265122','48265','4826526314080450'
'abolfazl12','taheri12','5970954828','59709565','59709','5970937275562115'
'abolfazl13','taheri13','9634855005','96340633','9634','9634821654147650'
'abolfazl14','taheri14','5706704042','57067526','57067','5706753171123634'
'abolfazl15','taheri15','4942156472','49428731','4942','4942237466883003'
'abolfazl16','taheri16','5570533242','55705412','55705','5570540275333616'
'abolfazl17','taheri17','6081710511','60817126','60817','6081785360850751'
'abolfazl18','taheri18','7870487247','78704207','78704','7870467487467368'
'abolfazl19','taheri19','2933825627','29338216','29338','2933822678754734'
'abolfazl20','taheri20','2950961714','29509130','29509','2950927557625751'
'abolfazl21','taheri21','1430777270','14307311','14307','1430754745182288'
'abolfazl22','taheri22','6521245312','65212855','65212','6521286611841240'
'abolfazl23','taheri23','5582011834','55820511','55820','5582003551635648'
'abolfazl24','taheri24','8054876620','80548100','80548','8054884257130286'
'abolfazl25','taheri25','1738203561','17384682','1738','1738621231478437'
'abolfazl26','taheri26','2512062186','25120353','25120','2512081816720703'
'abolfazl27','taheri27','1034567164','10345364','10345','1034571482100770'
'abolfazl28','taheri28','5411331336','54115532','5411','5411450647471641'
'abolfazl29','taheri29','6618601527','66186183','66186','6618601512881684'
'abolfazl30','taheri30','2373202776','23732477','23732','2373227636240742'
'abolfazl31','taheri31','7578923283','75789144','75789','7578972042488584'
'abolfazl32','taheri32','4153611800','41536162','41536','4153612517412538'
'abolfazl33','taheri33','8363175068','83631651','83631','8363102864880254'
'abolfazl34','taheri34','7979942240','79799447','79799','7979935273154228'
'abolfazl35','taheri35','2849411130','28493446','2849','2849814141754504'
'abolfazl36','taheri36','3787752840','37877775','37877','3787758124271476'
'abolfazl37','taheri37','6747111636','67473584','6747','6747450380853750'
'abolfazl38','taheri38','9892177585','98922180','9892','9892240554573328'
'abolfazl39','taheri39','5709171401','57098303','5709','5709474867700083'
'abolfazl40','taheri40','2701264800','27012887','27012','2701224155630165'
'abolfazl41','taheri41','2211004257','22110531','22110','2211063508768858'
'abolfazl42','taheri42','6519858681','65198823','65198','6519848420710471'
'abolfazl43','taheri43','5997303553','59973320','59973','5997335802448558'
'abolfazl44','taheri44','7321605086','73216516','73216','7321614880020506'
'abolfazl45','taheri45','5628646068','56286240','56286','5628622487376156'
'abolfazl46','taheri46','7221630724','72216340','72216','7221674102708252'
'abolfazl47','taheri47','3871983526','38719236','38719','3871963148006430'
'abolfazl48','taheri48','1595711301','15957818','15957','1595722283701665'
'abolfazl49','taheri49','8598714362','85986077','8598','8598054762613033'
'abolfazl50','taheri50','2613227562','26132438','26132','2613238118851220'
'abolfazl51','taheri51','9978112723','99781056','99781','9978135856328007'
'abolfazl52','taheri52','1014071043','10143232','1014','1014888561550180'
'abolfazl53','taheri53','6383411641','63834860','63834','6383455626832665'
'abolfazl54','taheri54','2482174865','24821323','24821','2482156803071588'
'abolfazl55','taheri55','2205401432','22054664','22054','2205411012474584'
'abolfazl56','taheri56','5004921023','50049480','50049','5004943204515485'
'abolfazl57','taheri57','5679287661','56792451','56792','5679208840125341'
'abolfazl58','taheri58','4222604043','42226347','42226','4222613114030886'
'abolfazl59','taheri59','8490307340','84903253','84903','8490326003816762'
'abolfazl60','taheri60','7262588606','72625141','72625','7262511656278215'
'abolfazl61','taheri61','9343487464','93434237','93434','9343415757062565'
'abolfazl62','taheri62','7583473224','75834873','75834','7583462804383782'
'abolfazl63','taheri63','6315805620','63158185','63158','6315853657354538'
'abolfazl64','taheri64','5433678027','54336224','54336','5433617072254708'
'abolfazl65','taheri65','7047283014','70472247','70472','7047235335568616'
'abolfazl66','taheri66','3963115417','39631310','39631','3963157076606370'
'abolfazl67','taheri67','7529513513','75295004','75295','7529532111310482'
'abolfazl68','taheri68','4559137104','45591875','45591','4559116763272275'
'abolfazl69','taheri69','6903552626','69035235','69035','6903531028657022'
'abolfazl70','taheri70','1664136657','16641665','16641','1664123315661030'
'abolfazl71','taheri71','3723966710','37239476','37239','3723981742641387'
'abolfazl72','taheri72','6001910125','60019503','60019','6001982313350640'
'abolfazl73','taheri73','5690815836','56908815','56908','5690850825377784'
'abolfazl74','taheri74','9424800121','94248683','94248','9424847367245818'
'abolfazl75','taheri75','5576615424','55766476','55766','5576684740512520'
'abolfazl76','taheri76','9989476374','99894034','99894','9989477182036508'
'abolfazl77','taheri77','4949961117','49499005','49499','4949931207458422'
'abolfazl78','taheri78','5158066860','51580575','51580','5158086040834144'
'abolfazl79','taheri79','7906711746','79062804','7906','7906163231474430'
'abolfazl80','taheri80','2487127644','24871118','24871','2487156477301162'
'abolfazl81','taheri81','2284431765','22843765','2284','2284107535627882'
'abolfazl82','taheri82','9070875214','90708688','90708','9070818786427388'
'abolfazl83','taheri83','2112683560','21126288','21126','2112645553205366'
'abolfazl84','taheri84','9053460673','90534463','90534','9053455264357778'
'abolfazl85','taheri85','8731277075','87310662','8731','8731503181381677'
'abolfazl86','taheri86','9836224773','98362572','98362','9836242163662820'
'abolfazl87','taheri87','6195384155','61953351','61953','6195365866143233'
'abolfazl88','taheri88','9144054340','91440817','91440','9144085044163052'
'abolfazl89','taheri89','8932814071','89328418','89328','8932816254247081'
'abolfazl90','taheri90','1415223106','14152224','14152','1415287166186682'
'abolfazl91','taheri91','6139128700','61390853','6139','6139247277471547'
'abolfazl92','taheri92','8407600780','84076627','84076','8407678121270324'
'abolfazl93','taheri93','8457448161','84574427','84574','8457433120672442'
'abolfazl94','taheri94','4985730680','49857438','49857','4985722086347362'
'abolfazl95','taheri95','9912245203','99122465','99122','9912281828445364'
'abolfazl96','taheri96','3720041018','37200286','37200','3720038060435832'
'abolfazl97','taheri97','2051707174','20517744','20517','2051715358362826'
'abolfazl98','taheri98','2315068360','23150633','23150','2315073228028280'
'abolfazl99','taheri99','2821187367','28211431','28211','2821156706704764'
'abolfazl100','taheri100','7393936604','73939688','73939','7393982348474711'
'abolfazl101','taheri101','3263154268','32631568','32631','3263177846433727'
'abolfazl102','taheri102','1589102040','15891610','15891','1589164730023276'
'abolfazl103','taheri103','1347762072','13477045','13477','1347760636360385'
'abolfazl104','taheri104','3895937466','38959142','38959','3895914288134564'
'abolfazl105','taheri105','1464828826','14648066','14648','1464802660425777'
'abolfazl106','taheri106','2970966320','29709701','29709','2970918137071181'
'abolfazl107','taheri107','6924771340','69247831','69247','6924755800405630'
'abolfazl108','taheri108','1934622813','19346560','19346','1934637114721674'
'abolfazl109','taheri109','3791803458','37918276','37918','3791858524103875'
'abolfazl110','taheri110','2903510013','29035351','29035','2903502684571634'
'abolfazl111','taheri111','1336976713','13369276','13369','1336937470742222'
'abolfazl112','taheri112','5606632031','56066785','56066','5606663250618741'
'abolfazl113','taheri113','6594477518','65944056','65944','6594486047714427'
'abolfazl114','taheri114','7095042710','70950174','70950','7095034863115322'
'abolfazl115','taheri115','5241540286','52415301','52415','5241522213563306'
'abolfazl116','taheri116','4676232058','46762078','46762','4676220768550877'
'abolfazl117','taheri117','2967587515','29675060','29675','2967536516530266'
'abolfazl118','taheri118','8985587843','89855116','89855','8985538338362520'
'abolfazl119','taheri119','6819470207','68194783','68194','6819468076127028'
'abolfazl120','taheri120','9594202267','95942543','95942','9594208831375636'
'abolfazl121','taheri121','8047111820','80471417','80471','8047168784588824'
'abolfazl122','taheri122','2830716073','28307248','28307','2830725560555107'
'abolfazl123','taheri123','2756177386','27561207','27561','2756167560172380'
'abolfazl124','taheri124','1312744510','13127536','13127','1312757672516706'
'abolfazl125','taheri125','5368935300','53689736','53689','5368971704404860'
'abolfazl126','taheri126','4349803505','43493143','4349','4349145527432817'
'abolfazl127','taheri127','6672634637','66726736','66726','6672670823277110'
'abolfazl128','taheri128','3625922364','36259448','36259','3625976787034743'
'abolfazl129','taheri129','9121078677','91210517','91210','9121063235136820'
'abolfazl130','taheri130','3200882740','32008181','32008','3200878510570357'
'abolfazl131','taheri131','8073957210','80739704','80739','8073947667783722'
'abolfazl132','taheri132','2377242667','23772077','23772','2377253645417111'
'abolfazl133','taheri133','1725257584','17252658','17252','1725257170677812'
'abolfazl134','taheri134','3572732544','35727212','35727','3572788816030801'
'abolfazl135','taheri135','7103403151','71034438','71034','7103474164376354'
'abolfazl136','taheri136','7636304206','76363471','76363','7636382700452317'
'abolfazl137','taheri137','2886818265','28868574','28868','2886881043026430'
'abolfazl138','taheri138','3966825174','39668326','39668','3966878577333505'
'abolfazl139','taheri139','6244033177','62447023','6244','6244122705570851'
'abolfazl140','taheri140','8884116023','88841676','88841','8884146841461204'
'abolfazl141','taheri141','6906675627','69066835','69066','6906668253776088'
'abolfazl142','taheri142','2588100640','25881654','25881','2588127885688500'
'abolfazl143','taheri143','6621734148','66217665','66217','6621755631752312'
'abolfazl144','taheri144','8649057627','86490046','86490','8649031508832618'
'abolfazl145','taheri145','4271887684','42718763','42718','4271810607045467'
'abolfazl146','taheri146','8422267377','84222120','84222','8422225461651358'
'abolfazl147','taheri147','2792607788','27926834','27926','2792665624162347'
'abolfazl148','taheri148','8959071566','89590562','89590','8959076277808753'
'abolfazl149','taheri149','3259048163','32590015','32590','3259078854506548'
'abolfazl150','taheri150','9429507578','94295113','94295','9429570760287454'
'abolfazl151','taheri151','8094122524','80941104','80941','8094110070864135'
'abolfazl152','taheri152','5774958706','57749843','57749','5774920286061250'
'abolfazl153','taheri153','9032280474','90322226','90322','9032204581012624'
'abolfazl154','taheri154','2301714048','23017637','23017','2301726452576375'
'abolfazl155','taheri155','5944686557','59446562','59446','5944675621016780'
'abolfazl156','taheri156','6747912088','67479832','67479','6747983046653683'
'abolfazl157','taheri157','7841624208','78416187','78416','7841607643040411'
'abolfazl158','taheri158','4966656482','49666861','49666','4966660563536855'
'abolfazl159','taheri159','7016303178','70163858','70163','7016364252802077'
'abolfazl160','taheri160','4010967630','40109153','40109','4010922545214777'
'abolfazl161','taheri161','6409087316','64090603','64090','6409013156132623'
'abolfazl162','taheri162','7653077767','76530523','76530','7653004488223047'
'abolfazl163','taheri163','6241883827','62418752','62418','6241807780478343'
'abolfazl164','taheri164','9591153133','95911565','95911','9591164545371511'
'abolfazl165','taheri165','6974957046','69749014','69749','6974932084244203'
'abolfazl166','taheri166','6848982022','68489457','68489','6848961262683354'
'abolfazl167','taheri167','9231505523','92315715','92315','9231580200316248'
'abolfazl168','taheri168','6767515312','67675368','67675','6767577634430212'
'abolfazl169','taheri169','2878927400','28789806','28789','2878964107105460'
'abolfazl170','taheri170','1380734051','13807052','13807','1380725006216513'
'abolfazl171','taheri171','2036120458','20361358','20361','2036113832730856'
'abolfazl172','taheri172','2119810605','21198287','21198','2119874187070078'
'abolfazl173','taheri173','4669382308','46693730','46693','4669311217146276'
'abolfazl174','taheri174','5132268310','51322030','51322','5132262515040884'
'abolfazl175','taheri175','4418248072','44182163','44182','4418220618364144'
'abolfazl176','taheri176','8403588452','84035103','84035','8403566808187016'
'abolfazl177','taheri177','1811438881','18114477','18114','1811442358430837'
'abolfazl178','taheri178','4929570224','49295200','49295','4929513015522214'
'abolfazl179','taheri179','7364674352','73646502','73646','7364686428680106'
'abolfazl180','taheri180','4931088428','49310508','49310','4931025514345124'
'abolfazl181','taheri181','7367335054','73677646','7367','7367615278722610'
'abolfazl182','taheri182','5112868611','51128006','51128','5112876887315544'
'abolfazl183','taheri183','8416672161','84166837','84166','8416631555566150'
'abolfazl184','taheri184','3678765386','36787364','36787','3678732115782746'
'abolfazl185','taheri185','9350731422','93507768','93507','9350776278578657'
'abolfazl186','taheri186','7990251642','79902663','79902','7990210156788475'
'abolfazl187','taheri187','4045366601','40453373','40453','4045342771218776'
'abolfazl188','taheri188','1214363733','12143123','12143','1214343062563785'
'abolfazl189','taheri189','6605150364','66051003','66051','6605138185471087'
'abolfazl190','taheri190','9436865422','94368216','94368','9436853374761804'
'abolfazl191','taheri191','6752205216','67522656','67522','6752280652673160'
'abolfazl192','taheri192','8873107614','88731551','88731','8873106645476867'
'abolfazl193','taheri193','7455756345','74558085','7455','7455362126271145'
'abolfazl194','taheri194','3779663236','37796011','37796','3779646147655077'
'abolfazl195','taheri195','8765651583','87656704','87656','8765603883200236'
'abolfazl196','taheri196','4510340180','45103134','45103','4510332672162511'
'abolfazl197','taheri197','4683815500','46838402','46838','4683873277662523'
'abolfazl198','taheri198','7482314501','74853613','748','7485802685581188'
'abolfazl199','taheri199','5563535487','55635338','55635','5563581775735521'
'abolfazl200','taheri200','8964821014','89648846','89648','8964850062236714'
'abolfazl201','taheri201','4267403411','42674221','42674','4267455853335728'
'abolfazl202','taheri202','4693171003','46931103','46931','4693101624258802'
'abolfazl203','taheri203','1000708138','10007575','10007','1000787550578051'
'abolfazl204','taheri204','1441647557','14416504','14416','1441646762088338'
'abolfazl205','taheri205','6636952167','66369688','66369','6636944627410223'
'abolfazl206','taheri206','1878705277','18787741','18787','1878767448217251'
'abolfazl207','taheri207','9105130046','91058327','9105','9105734636033731'
'abolfazl208','taheri208','5577753874','55775210','5577','5577503426766248'
'abolfazl209','taheri209','4644525754','46445600','46445','4644563524843456'
'abolfazl210','taheri210','4654013663','46540655','46540','4654084716521767'
'abolfazl211','taheri211','5746127840','57461206','57461','5746186188565470'
'abolfazl212','taheri212','3066254447','30662003','3066','3066410001741221'
'abolfazl213','taheri213','2018086878','20180845','20180','2018053057550468'
'abolfazl214','taheri214','3524804613','35248747','35248','3524866608062564'
'abolfazl215','taheri215','4728287127','47282506','47282','4728284526348724'
'abolfazl216','taheri216','9611244080','96112440','96112','9611204201700541'
'abolfazl217','taheri217','3082141750','30821170','30821','3082171225232363'
'abolfazl218','taheri218','8572337887','85723138','85723','8572326722472232'
'abolfazl219','taheri219','3581276370','35812411','35812','3581274214322642'
'abolfazl220','taheri220','4438420548','44384014','44384','4438411012168247'
'abolfazl221','taheri221','3222511017','32224636','3222','3222335784104227'
'abolfazl222','taheri222','3332842046','33328688','33328','3332876103065352'
'abolfazl223','taheri223','7650213087','76502811','76502','7650258375736564'
'abolfazl224','taheri224','9444854745','94448872','94448','9444881224640454'
'abolfazl225','taheri225','4330065030','43300883','43300','4330010431407416'
'abolfazl226','taheri226','3417412720','34174704','34174','3417463071513268'
'abolfazl227','taheri227','7349044653','73490847','73490','7349072228100045'
'abolfazl228','taheri228','2574910268','25749013','25749','2574987100671607'
'abolfazl229','taheri229','9306317534','93063513','93063','9306363403304136'
'abolfazl230','taheri230','8033732583','80337080','80337','8033743275272616'
'abolfazl231','taheri231','6938353046','69383267','69383','6938311382477010'
'abolfazl232','taheri232','8437564462','84375380','84375','8437564011682113'
'abolfazl233','taheri233','1512181441','15121411','15121','1512142517544486'
'abolfazl234','taheri234','2597466366','25977404','2597','2597045804730413'
'abolfazl235','taheri235','1819801212','18198350','18198','1819843667577322'
'abolfazl236','taheri236','9304181624','93041104','93041','9304164431622168'
'abolfazl237','taheri237','4544458575','45444701','45444','4544482241277881'
'abolfazl238','taheri238','5675873872','56758880','56758','5675854331758162'
'abolfazl239','taheri239','8831351877','88313573','88313','8831312534267270'
'abolfazl240','taheri240','8520571144','85205410','85205','8520548565740173'
'abolfazl241','taheri241','3841381553','38413112','38413','3841307206607234'
'abolfazl242','taheri242','6232260615','62322272','62322','6232206070032333'
'abolfazl243','taheri243','1857571663','18575573','18575','1857565677133711'
'abolfazl244','taheri244','7210865464','72108582','72108','7210822746013375'
'abolfazl245','taheri245','3446537882','34465116','34465','3446533668006303'
'abolfazl246','taheri246','4264084851','42640508','42640','4264044060252682'
'abolfazl247','taheri247','9575200710','95752720','95752','9575288358728417'
'abolfazl248','taheri248','9215577042','92155084','92155','9215504400521125'
'abolfazl249','taheri249','5579435824','55794015','55794','5579488754130482'
'abolfazl250','taheri250','5705032005','57050365','57050','5705007817383665'
'abolfazl251','taheri251','8986607252','89866140','89866','8986627584634457'
'abolfazl252','taheri252','1996932576','19969806','19969','1996962258568037'
'abolfazl253','taheri253','1390322233','13908835','1390','1390546710653136'
'abolfazl254','taheri254','1639043156','16390105','16390','1639042732781283'
'abolfazl255','taheri255','5878173670','58781884','58781','5878130214646710'
'abolfazl256','taheri256','8043654531','80436427','80436','8043650567587705'
'abolfazl257','taheri257','6838775553','68387232','68387','6838787857282342'
'abolfazl258','taheri258','9042602647','90426378','90426','9042666617185735'
'abolfazl259','taheri259','4244464823','42444853','42444','4244470341147764'
'abolfazl260','taheri260','8725117808','87251446','87251','8725184108671435'
'abolfazl261','taheri261','1041431431','10414882','10414','1041473773701415'
'abolfazl262','taheri262','8766044043','87660433','87660','8766080105000880'
'abolfazl263','taheri263','2939263673','29392420','29392','2939220354233328'
'abolfazl264','taheri264','9398566475','93985625','93985','9398558461036452'
'abolfazl265','taheri265','9424350012','94243737','94243','9424353662858244'
'abolfazl266','taheri266','7747104275','77471043','77471','7747130000100414'
'abolfazl267','taheri267','9580215363','95802011','9580','9580451658748744'
'abolfazl268','taheri268','9950954573','99509716','99509','9950925780155325'
'abolfazl269','taheri269','7208150105','72081665','72081','7208100576304665'
'abolfazl270','taheri270','6753376840','67533486','67533','6753368744346675'
'abolfazl271','taheri271','5380378067','53803518','53803','5380370300356850'
'abolfazl272','taheri272','4877056514','48770360','48770','4877024526844712'
'abolfazl273','taheri273','9696626846','96966281','96966','9696632671582411'
'abolfazl274','taheri274','4614605330','46146084','46146','4614642570806272'
'abolfazl275','taheri275','5987370026','59873348','59873','5987317737850753'
'abolfazl276','taheri276','6257603788','62571405','6257','6257346575824276'
'abolfazl277','taheri277','6045864466','60458430','60458','6045801622315082'
'abolfazl278','taheri278','5927250702','59272841','59272','5927242617077350'
'abolfazl279','taheri279','4861845666','48618065','48618','4861816084416643'
'abolfazl280','taheri280','6655420850','66554363','66554','6655436750331411'
'abolfazl281','taheri281','1143271705','11432317','11432','1143241648355431'
'abolfazl282','taheri282','2549225316','25492213','25492','2549243200785782'
'abolfazl283','taheri283','4983874013','49838348','49838','4983833615171443'
'abolfazl284','taheri284','7366276538','73662263','73662','7366207530243637'
'abolfazl285','taheri285','8883937012','88839588','88839','8883983728228271'
'abolfazl286','taheri286','6414135705','64141851','64141','6414116232886423'
'abolfazl287','taheri287','4186268317','41862004','41862','4186286065452117'
'abolfazl288','taheri288','6752735416','67531526','675','6756747668844431'
'abolfazl289','taheri289','7672723810','76727722','76727','7672777607128837'
'abolfazl290','taheri290','5659603207','56596023','56596','5659618815214123'
'abolfazl291','taheri291','8629677016','86296285','86296','8629661638016527'
'abolfazl292','taheri292','4909513387','49092555','4909','4909122786124064'
'abolfazl293','taheri293','6470580161','64707353','6470','6470067870813617'
'abolfazl294','taheri294','9307628607','93076371','93076','9307601631307176'
'abolfazl295','taheri295','1161356742','11613064','11613','1161371181728451'
'abolfazl296','taheri296','1560663251','15606117','15606','1560677568871018'
'abolfazl297','taheri297','2437032838','24370701','24370','2437004714451853'
'abolfazl298','taheri298','8567227846','85672847','85672','8567221373586306'
'abolfazl299','taheri299','6358851548','63588683','63588','6358854283864756'
'abolfazl300','taheri300','4785000422','47850584','47850','4785071517641228'
'abolfazl301','taheri301','3257220874','32573338','3257','3257435024120283'
'abolfazl302','taheri302','6275220743','62758267','6275','6275547751018642'
'abolfazl303','taheri303','6267244060','62672245','62672','6267230787077248'
'abolfazl304','taheri304','2128161520','21281807','21281','2128186723816024'
'abolfazl305','taheri305','5847685325','58476755','58476','5847667020501433'
'abolfazl306','taheri306','6313678147','63136020','63136','6313621400401610'
'abolfazl307','taheri307','9977226038','99772274','99772','9977253525433286'
'abolfazl308','taheri308','7733711768','77337340','77337','7733786615184877'
'abolfazl309','taheri309','9465862715','94658662','94658','9465824081521228'
'abolfazl310','taheri310','8045480020','80454746','80454','8045482012614567'
'abolfazl311','taheri311','9542384578','95423867','95423','9542318337552640'
'abolfazl312','taheri312','6283283185','62832442','62832','6283247528043380'
'abolfazl313','taheri313','2505302753','25052365','2505','2505345526672332'
'abolfazl314','taheri314','3048760237','30487133','30487','3048752387737607'
'abolfazl315','taheri315','1146626322','11466506','11466','1146677161151233'
'abolfazl316','taheri316','3001146372','30011771','30011','3001182842770742'
'abolfazl317','taheri317','3762356812','37623646','37623','3762367358703032'
'abolfazl318','taheri318','5096616186','50966822','50966','5096606761661076'
'abolfazl319','taheri319','1025580657','10255051','10255','1025505613442410'
'abolfazl320','taheri320','7603848856','76038488','76038','7603852332042617'
'abolfazl321','taheri321','9673441117','96734445','96734','9673436632183080'
'abolfazl322','taheri322','1083543713','10835482','10835','1083505012561614'
'abolfazl323','taheri323','8773946452','87739322','87739','8773905858875881'
'abolfazl324','taheri324','3885710500','38857325','38857','3885721515501247'
'abolfazl325','taheri325','9443080063','94430564','94430','9443033857018447'
'abolfazl326','taheri326','1429386038','14294355','1429','1429377083630876'
'abolfazl327','taheri327','6051603162','60516455','60516','6051622302601471'
'abolfazl328','taheri328','1475502142','14755388','14755','1475571240855844'
'abolfazl329','taheri329','4229336077','42293770','42293','4229384618713576'
'abolfazl330','taheri330','6595572460','65955567','65955','6595573828875347'
'abolfazl331','taheri331','5251066158','52510782','52510','5251084044435313'
'abolfazl332','taheri332','8408568002','84085781','84085','8408545072382143'
'abolfazl333','taheri333','4308957438','43089142','43089','4308932613202823'
'abolfazl334','taheri334','4951887204','49518054','49518','4951816772226664'
'abolfazl335','taheri335','1389482430','13894173','13894','1389408275240812'
'abolfazl336','taheri336','8572562136','85725804','85725','8572576546505872'
'abolfazl337','taheri337','1792642536','17926164','17926','1792655487765784'
'abolfazl338','taheri338','7049445467','70494613','70494','7049452053334181'
'abolfazl339','taheri339','7008215271','70082682','70082','7008224015108064'
'abolfazl340','taheri340','5521353772','55213276','55213','5521347521165216'
'abolfazl341','taheri341','7897117515','78971200','78971','7897184366418587'
'abolfazl342','taheri342','1906354875','19063658','19063','1906343846187181'
'abolfazl343','taheri343','1504071726','15040341','15040','1504041355017636'
'abolfazl344','taheri344','7239270571','72392646','72392','7239216871076861'
'abolfazl345','taheri345','6035155203','60351275','60351','6035137446870270'
'abolfazl346','taheri346','3335147276','33351870','33351','3335103521862038'
'abolfazl347','taheri347','9935451427','99354664','99354','9935447276362716'
'abolfazl348','taheri348','9532124616','95321121','95321','9532188178685334'
'abolfazl349','taheri349','4242500686','42425163','42425','4242526337067562'
'abolfazl350','taheri350','4219188525','42191482','42191','4219165524051514'
'abolfazl351','taheri351','9586773777','95867028','95867','9586728801746550'
'abolfazl352','taheri352','8737600287','87376572','87376','8737641668155881'
'abolfazl353','taheri353','8294102136','82941722','82941','8294187747261062'
'abolfazl354','taheri354','7105264781','71052347','71052','7105253184476557'
'abolfazl355','taheri355','8668460802','86684074','86684','8668486287624648'
'abolfazl356','taheri356','9625007815','96250088','96250','9625042714217101'
'abolfazl357','taheri357','8911471184','89114878','89114','8911458130172375'
'abolfazl358','taheri358','4749025511','47490253','47490','4749056255287783'
'abolfazl359','taheri359','5613565760','56135227','56135','5613504155011511'
'abolfazl360','taheri360','8975630863','89756467','89756','8975677877070411'
'abolfazl361','taheri361','7355270615','73552270','73552','7355203673786021'
'abolfazl362','taheri362','2390835013','23908718','23908','2390834168082707'
'abolfazl363','taheri363','6703716167','67037764','67037','6703717251878330'
'abolfazl364','taheri364','9271540726','92715378','92715','9271503162070423'
'abolfazl365','taheri365','5718386880','57183211','57183','5718332860314266'
'abolfazl366','taheri366','7545877816','75458716','75458','7545865622844113'
'abolfazl367','taheri367','8085128031','80851804','80851','8085161320538225'
'abolfazl368','taheri368','8647558433','86475072','86475','8647578032435450'
'abolfazl369','taheri369','8890858503','88902130','8890','8890384523067782'
'abolfazl370','taheri370','5819166033','58191444','58191','5819157180161283'
'abolfazl371','taheri371','5302146055','53027112','5302','5302504874641872'
'abolfazl372','taheri372','9539362441','95393742','95393','9539303446756654'
'abolfazl373','taheri373','1148346144','11483217','11483','1148302648734037'
'abolfazl374','taheri374','3981362702','39817881','3981','3981304174477600'
'abolfazl375','taheri375','8420735373','84207461','84207','8420777726742773'
'abolfazl376','taheri376','8203980734','82039310','82039','8203920768415735'
'abolfazl377','taheri377','1163206852','11632243','11632','1163252174748628'
'abolfazl378','taheri378','4354454140','43544201','43544','4354477017642332'
'abolfazl379','taheri379','7587483500','75874778','75874','7587448356150141'
'abolfazl380','taheri380','8346986638','83469026','83469','8346926006173841'
'abolfazl381','taheri381','3352357515','33523551','33523','3352362387725427'
'abolfazl382','taheri382','4394845066','43948581','43948','4394800508466706'
'abolfazl383','taheri383','5880026663','58800866','58800','5880040666541084'
'abolfazl384','taheri384','9366308852','93665331','9366','9366017318857067'
'abolfazl385','taheri385','7448724313','74487747','74487','7448710431381631'
'abolfazl386','taheri386','9345980054','93459388','93459','9345974221805856'
'abolfazl387','taheri387','5513334137','55133572','55133','5513387055688237'
'abolfazl388','taheri388','9055006004','90550625','90550','9055003376846651'
'abolfazl389','taheri389','8030523724','80302180','8030','8030807564760150'
'abolfazl390','taheri390','2759950885','27599238','27599','2759935205630647'
'abolfazl391','taheri391','2551670813','25516563','25516','2551687444768115'
'abolfazl392','taheri392','9490166117','94901423','94901','9490116601778705'
'abolfazl393','taheri393','9607503276','96076113','9607','9607650522325111'
'abolfazl394','taheri394','6268833183','62688214','62688','6268874271186042'
'abolfazl395','taheri395','6371873563','63718416','63718','6371857268370424'
'abolfazl396','taheri396','7072150746','70727485','7072','7072518184560022'
'abolfazl397','taheri397','7322117747','73221783','73221','7322181675317404'
'abolfazl398','taheri398','8613113377','86131567','86131','8613147024546237'
'abolfazl399','taheri399','6898551147','68985265','68985','6898505768878325'
'abolfazl400','taheri400','5212588153','52125884','52125','5212538580386562'
'abolfazl401','taheri401','6977142457','69771805','69771','6977168845625152'
'abolfazl402','taheri402','4392784620','43926275','4392','4392156045410775'
'abolfazl403','taheri403','2022126643','20221762','20221','2022186327776030'
'abolfazl404','taheri404','5140122058','51401612','51401','5140145231108658'
'abolfazl405','taheri405','5907613563','59076873','59076','5907665136158723'
'abolfazl406','taheri406','7641428267','76414245','76414','7641415600502856'
'abolfazl407','taheri407','9893051118','98930854','98930','9893086851505887'
'abolfazl408','taheri408','3601784481','36017151','36017','3601710183182434'
'abolfazl409','taheri409','7007142752','70073755','7007','7007782686083676'
'abolfazl410','taheri410','2066925835','20669627','20669','2066908240604561'
'abolfazl411','taheri411','6650178755','66501417','66501','6650118642132424'
'abolfazl412','taheri412','3466538043','34665432','34665','3466536746182007'
'abolfazl413','taheri413','9511140603','95111186','95111','9511186836104415'
'abolfazl414','taheri414','7203108136','72031786','72031','7203164026500236'
'abolfazl415','taheri415','3432147345','34321761','34321','3432124425580026'
'abolfazl416','taheri416','9111528224','91115842','91115','9111575184383681'
'abolfazl417','taheri417','8222428380','82224234','82224','8222410710533215'
'abolfazl418','taheri418','8706832143','87068280','87068','8706845672543686'
'abolfazl419','taheri419','5625864714','56258823','56258','5625803377605465'
'abolfazl420','taheri420','5476503555','54765213','54765','5476552868513633'
'abolfazl421','taheri421','3710424722','37104211','37104','3710456660683184'
'abolfazl422','taheri422','4427814700','44278833','44278','4427822386362038'
'abolfazl423','taheri423','5293165650','52931247','52931','5293134606108406'
'abolfazl424','taheri424','6505560346','65055086','65055','6505570465330180'
'abolfazl425','taheri425','5271502636','52715864','52715','5271510384883585'
'abolfazl426','taheri426','7110033702','71100373','71100','7110087512107136'
'abolfazl427','taheri427','5239240865','52392265','52392','5239274670786485'
'abolfazl428','taheri428','7719212630','77192412','77192','7719267178143438'
'abolfazl429','taheri429','4123841630','41238765','41238','4123877882683185'
'abolfazl430','taheri430','1715034260','17150200','17150','1715031654575312'
'abolfazl431','taheri431','4612244788','46122625','46122','4612252625657282'
'abolfazl432','taheri432','5452625416','54526723','54526','5452645350350214'
'abolfazl433','taheri433','1714958617','17149483','17149','1714942887232760'
'abolfazl434','taheri434','2121023133','21210848','21210','2121007847102776'
'abolfazl435','taheri435','5448960511','54489022','54489','5448970678178186'
'abolfazl436','taheri436','6089112361','60891260','60891','6089168120031561'
'abolfazl437','taheri437','4601322522','46013527','46013','4601388860652031'
'abolfazl438','taheri438','8429903572','84299107','84299','8429965885882406'
'abolfazl439','taheri439','9268067088','92680147','92680','9268037846865462'
'abolfazl440','taheri440','7252832424','72528026','72528','7252820857465432'
'abolfazl441','taheri441','3265028405','32650764','32650','3265078661582383'
'abolfazl442','taheri442','9786445775','97864705','97864','9786446435306022'
'abolfazl443','taheri443','5789084200','57890033','57890','5789008146022428'
'abolfazl444','taheri444','9177058815','91770166','91770','9177080757172348'
'abolfazl445','taheri445','3676508732','36765210','36765','3676571357884172'
'abolfazl446','taheri446','3849826537','38498771','38498','3849812658408636'
'abolfazl447','taheri447','1949272272','19492755','19492','1949272517783840'
'abolfazl448','taheri448','4215731846','42157747','42157','4215744032850340'
'abolfazl449','taheri449','5986606800','59866457','59866','5986607434888881'
'abolfazl450','taheri450','2702523350','27025537','27025','2702588242303172'
'abolfazl451','taheri451','8026735847','80268856','8026','8026601110562135'
'abolfazl452','taheri452','2135604438','21356148','21356','2135656042218841'
'abolfazl453','taheri453','9353051841','93530074','93530','9353067711588836'
'abolfazl454','taheri454','1216876361','12168554','12168','1216828874478883'
'abolfazl455','taheri455','8223432610','82234625','82234','8223417344370165'
'abolfazl456','taheri456','3852318764','38523766','38523','3852363856387253'
'abolfazl457','taheri457','2101752871','21017777','21017','2101700023585448'
'abolfazl458','taheri458','5866041661','58660173','58660','5866053067606023'
'abolfazl459','taheri459','9947920128','99479815','99479','9947970744386087'
'abolfazl460','taheri460','2756486632','27564177','27564','2756438714237086'
'abolfazl461','taheri461','1849385057','18493230','18493','1849343426062341'
'abolfazl462','taheri462','7379676145','73796777','73796','7379687308177815'
'abolfazl463','taheri463','8925104287','89251213','89251','8925116184731468'
'abolfazl464','taheri464','3723755220','37237311','37237','3723762261828615'
'abolfazl465','taheri465','7868968438','78689707','78689','7868900230425305'
'abolfazl466','taheri466','6293064040','62930356','62930','6293045770060263'
'abolfazl467','taheri467','7744535450','77445788','77445','7744573280443557'
'abolfazl468','taheri468','6128306342','61283171','61283','6128365770068607'
'abolfazl469','taheri469','9310324762','93105574','9310','9310144364757134'
'abolfazl470','taheri470','2217643317','22176335','22176','2217646375483274'
'abolfazl471','taheri471','9573005205','95730451','95730','9573083010684683'
'abolfazl472','taheri472','2116026561','21160254','21160','2116052881612516'
'abolfazl473','taheri473','8245461382','82457804','8245','8245367751613312'
'abolfazl474','taheri474','4935887772','49358658','49358','4935884112300637'
'abolfazl475','taheri475','6929126526','69291262','69291','6929157852666707'
'abolfazl476','taheri476','2027131610','20271526','20271','2027113330767854'
'abolfazl477','taheri477','7625120811','76251302','76251','7625126255771615'
'abolfazl478','taheri478','8688822815','86888720','86888','8688813700417864'
'abolfazl479','taheri479','9441973447','94419073','94419','9441963842410065'
'abolfazl480','taheri480','5566467506','55664864','55664','5566484312261285'
'abolfazl481','taheri481','8944131532','89441746','89441','8944162266162768'
'abolfazl482','taheri482','1361151064','13611343','13611','1361146242563706'
'abolfazl483','taheri483','7681285084','76812772','76812','7681258134741401'
'abolfazl484','taheri484','2755182401','27551571','27551','2755143738312243'
'abolfazl485','taheri485','2188758441','21887340','21887','2188740070563177'
'abolfazl486','taheri486','9725636170','97256862','97256','9725607623003612'
'abolfazl487','taheri487','9517145573','95178628','9517','9517307304117218'
'abolfazl488','taheri488','4486384443','44863262','44863','4486376571530236'
'abolfazl489','taheri489','9513333185','95133083','95133','9513344487754265'
'abolfazl490','taheri490','9020908571','90209576','90209','9020980122006414'
'abolfazl491','taheri491','8147328062','81473372','81473','8147334012131376'
'abolfazl492','taheri492','1099685627','10996072','10996','1099687771487720'
'abolfazl493','taheri493','4988656442','49886577','49886','4988674787132648'
'abolfazl494','taheri494','7915323135','79153521','79153','7915336136185544'
'abolfazl495','taheri495','7948660081','79486738','79486','7948670752126347'
'abolfazl496','taheri496','8507857775','85078276','85078','8507833345706020'
'abolfazl497','taheri497','8506528852','85065418','85065','8506523580202350'
'abolfazl498','taheri498','7780056168','77800142','77800','7780085058687876'
'abolfazl499','taheri499','2544206613','25442267','25442','2544212808021807'
'abolfazl500','taheri500','1378126862','13781110','13781','1378144483350834'
'abolfazl501','taheri501','4734858711','47348086','47348','4734848675278805'
'abolfazl502','taheri502','1908213124','19082187','19082','1908252228420453'
'abolfazl503','taheri503','6408014864','64080586','64080','6408048348084188'
'abolfazl504','taheri504','2556318668','25563688','25563','2556380788312311'
'abolfazl505','taheri505','3756204864','37562872','37562','3756283480565758'
'abolfazl506','taheri506','5748402740','57484481','57484','5748446487051314'
'abolfazl507','taheri507','2007627247','20076312','20076','2007684741042603'
'abolfazl508','taheri508','5552577034','55525474','55525','5552541625024811'
'abolfazl509','taheri509','3972737713','39727086','39727','3972714156668100'
'abolfazl510','taheri510','6336056664','63360377','63360','6336047742007071'
'abolfazl511','taheri511','3975120023','39751135','39751','3975174678113684'
'abolfazl512','taheri512','2661400446','26614227','26614','2661442461241357'
'abolfazl513','taheri513','2165562066','21655865','21655','2165588245770268'
'abolfazl514','taheri514','4445878331','44458160','44458','4445863468866516'
'abolfazl515','taheri515','4395736387','43957384','43957','4395774755172753'
'abolfazl516','taheri516','8869732621','88697775','88697','8869710700261514'
'abolfazl517','taheri517','2801671228','28016352','28016','2801601785300208'
'abolfazl518','taheri518','8372830050','83728053','83728','8372805815607205'
'abolfazl519','taheri519','3774017761','37740361','37740','3774045336606025'
'abolfazl520','taheri520','5455225016','54552042','54552','5455225820256245'
'abolfazl521','taheri521','2498681132','24986635','24986','2498670130107525'
'abolfazl522','taheri522','8330244380','83302026','83302','8330270573341280'
'abolfazl523','taheri523','1905228601','19052832','19052','1905247300860773'
'abolfazl524','taheri524','4048761126','40487322','40487','4048756241141654'
'abolfazl525','taheri525','3652728060','36527725','36527','3652725586733114'
'abolfazl526','taheri526','2323735657','23237767','23237','2323756521263078'
'abolfazl527','taheri527','1920974776','19209234','19209','1920984246724643'
'abolfazl528','taheri528','3264145648','32641232','32641','3264161260374784'
'abolfazl529','taheri529','6528045860','65280736','65280','6528055745758075'
'abolfazl530','taheri530','2287412423','22874833','22874','2287432470511248'
'abolfazl531','taheri531','6408641144','64086254','64086','6408634336826303'
'abolfazl532','taheri532','2695570248','26955621','26955','2695570317081167'
'abolfazl533','taheri533','4731040172','47310742','47310','4731083711406565'
'abolfazl534','taheri534','1401004066','14010415','14010','1401066605865145'
'abolfazl535','taheri535','7320064372','73200051','73200','7320015532647670'
'abolfazl536','taheri536','4789264061','47892284','47892','4789202807818716'
'abolfazl537','taheri537','5609840842','56098212','56098','5609830838825700'
'abolfazl538','taheri538','7701153707','77011021','77011','7701174015878445'
'abolfazl539','taheri539','3222801081','32228760','32228','3222862831515442'
'abolfazl540','taheri540','4051006533','40510506','40510','4051026337148047'
'abolfazl541','taheri541','5833810125','58333356','5833','5833246464070520'
'abolfazl542','taheri542','3838781642','38380460','3838','3838258681348131'
'abolfazl543','taheri543','6963002688','69630720','69630','6963020677160602'
'abolfazl544','taheri544','3647027153','36470827','36470','3647071240656865'
'abolfazl545','taheri545','8014442544','80144012','80144','8014443088732615'
'abolfazl546','taheri546','6033387577','60334114','6033','6033572716301108'
'abolfazl547','taheri547','1147185284','11471285','11471','1147154682021108'
'abolfazl548','taheri548','1790748734','17906485','1790','1790411653335004'
'abolfazl549','taheri549','7765574876','77655144','77655','7765525844764633'
'abolfazl550','taheri550','4484925500','44849105','44849','4484928651247364'
'abolfazl551','taheri551','6287388356','62873775','62873','6287355063456323'
'abolfazl552','taheri552','6426956042','64269602','64269','6426964463127004'
'abolfazl553','taheri553','2987730880','29877766','29877','2987723162458554'
'abolfazl554','taheri554','9962883662','99612534','996','9967310634780385'
'abolfazl555','taheri555','1442770852','14427621','14427','1442711148875016'
'abolfazl556','taheri556','7687644134','76876003','76876','7687674847553801'
'abolfazl557','taheri557','2544936087','25449724','25449','2544966685281451'
'abolfazl558','taheri558','2820510886','28204352','2820','2820014630041681'
'abolfazl559','taheri559','8664458844','86644412','86644','8664443266672837'
'abolfazl560','taheri560','7137686225','71372373','7137','7137164552353457'
'abolfazl561','taheri561','1493631620','14936166','14936','1493612780364556'
'abolfazl562','taheri562','5329611701','53296513','53296','5329637213680006'
'abolfazl563','taheri563','6136576700','61365436','61365','6136535656271035'
'abolfazl564','taheri564','2474481204','24744810','24744','2474463808343835'
'abolfazl565','taheri565','6371972243','63719784','63719','6371920430616436'
'abolfazl566','taheri566','4911608641','49116134','49116','4911606007667227'
'abolfazl567','taheri567','2637615831','26376826','26376','2637630727252500'
'abolfazl568','taheri568','4690964862','46909674','46909','4690921741274034'
'abolfazl569','taheri569','2402283608','24022134','24022','2402238861725081'
'abolfazl570','taheri570','4935338468','49353823','49353','4935320177462851'
'abolfazl571','taheri571','3541500857','35415161','35415','3541520112428040'
'abolfazl572','taheri572','2530332088','25303683','25303','2530360623460010'
'abolfazl573','taheri573','9163914778','91639837','91639','9163974774371303'
'abolfazl574','taheri574','7713616032','77136060','77136','7713621366755241'
'abolfazl575','taheri575','7298608041','72986028','72986','7298607717557673'
'abolfazl576','taheri576','3771016122','37710300','37710','3771021512707311'
'abolfazl577','taheri577','7079530267','70795266','70795','7079501233053274'
'abolfazl578','taheri578','7224733387','72247608','72247','7224737554510657'
'abolfazl579','taheri579','4515364601','45153207','45153','4515300417765112'
'abolfazl580','taheri580','7526188640','75261076','75261','7526121762426471'
'abolfazl581','taheri581','8520804615','85208176','85208','8520854423246508'
'abolfazl582','taheri582','6983017211','69830472','69830','6983032703312736'
'abolfazl583','taheri583','3218631000','32186655','32186','3218601707885832'
'abolfazl584','taheri584','3363532714','33635321','33635','3363571670603607'
'abolfazl585','taheri585','7220035537','72200084','72200','7220056227530523'
'abolfazl586','taheri586','5395832075','53954513','5395','5395235785817221'
'abolfazl587','taheri587','4918351882','49183643','49183','4918326575461283'
'abolfazl588','taheri588','2813111147','28131165','28131','2813101286451451'
'abolfazl589','taheri589','3776055076','37760383','37760','3776037673706541'
'abolfazl590','taheri590','1167360357','11673655','11673','1167347370381768'
'abolfazl591','taheri591','8649584615','86495378','86495','8649502876444320'
'abolfazl592','taheri592','5229938748','52299367','52299','5229912455225523'
'abolfazl593','taheri593','5458740406','54587348','54587','5458700217112434'
'abolfazl594','taheri594','2970347842','29703502','29703','2970354310162862'
'abolfazl595','taheri595','1552774560','15527828','15527','1552728582716400'
'abolfazl596','taheri596','6683351532','66833730','66833','6683345034624883'
'abolfazl597','taheri597','4000320773','40003078','40003','4000323846252276'
'abolfazl598','taheri598','5720574322','57205423','57205','5720585877251514'
'abolfazl599','taheri599','2221535351','22215511','2221','2221381007750770'
'abolfazl600','taheri600','9212143430','92121754','92121','9212126388242215'
'abolfazl601','taheri601','8670006850','86700781','86700','8670050468722558'
'abolfazl602','taheri602','7809843780','78098080','78098','7809874810100311'
'abolfazl603','taheri603','6741715282','67417656','67417','6741753806325541'
'abolfazl604','taheri604','9566822416','95668740','95668','9566847856771121'
'abolfazl605','taheri605','6202982128','62029646','62029','6202900047502085'
'abolfazl606','taheri606','2012156087','20121471','20121','2012117788177354'
'abolfazl607','taheri607','3966416450','39664132','39664','3966433757814683'
'abolfazl608','taheri608','1696363211','16963174','16963','1696378117055455'
'abolfazl609','taheri609','1065104848','10651642','10651','1065170133728801'
'abolfazl610','taheri610','7820931031','78209013','78209','7820952560357004'
'abolfazl611','taheri611','3212781287','32127304','32127','3212726517641684'
'abolfazl612','taheri612','2585264858','25858465','2585','2585030281048185'
'abolfazl613','taheri613','7923666863','79236502','79236','7923634868823446'
'abolfazl614','taheri614','4497922665','44979048','44979','4497978064502223'
'abolfazl615','taheri615','7996876872','79968777','79968','7996814477255882'
'abolfazl616','taheri616','5548677237','55486644','55486','5548658257070258'
'abolfazl617','taheri617','4698101733','46981401','46981','4698120112178338'
'abolfazl618','taheri618','4635911128','46359727','46359','4635935481312137'
'abolfazl619','taheri619','6586855274','65868781','65868','6586810810723623'
'abolfazl620','taheri620','1310330478','13103282','13103','1310331437783774'
'abolfazl621','taheri621','5156155310','51561573','51561','5156185733754117'
'abolfazl622','taheri622','8627908887','86279381','86279','8627921104143167'
'abolfazl623','taheri623','4326182554','43261664','43261','4326164568812807'
'abolfazl624','taheri624','8333125134','83331138','83331','8333125764423706'
'abolfazl625','taheri625','9795056858','97950632','97950','9795052456563604'
'abolfazl626','taheri626','6926833835','69776332','69','6903545371663787'
'abolfazl627','taheri627','9247927382','92479028','92479','9247931746780847'
'abolfazl628','taheri628','8649070323','86497763','8649','8649332177758671'
'abolfazl629','taheri629','4798936631','47989845','47989','4798953526253016'
'abolfazl630','taheri630','4237665215','42376757','42376','4237614640106882'
'abolfazl631','taheri631','9939282725','99390022','9939','9939140344140040'
'abolfazl632','taheri632','3879740874','38797823','38797','3879713131532656'
'abolfazl633','taheri633','1462352573','14623187','1462','1462066630862267'
'abolfazl634','taheri634','9761867873','97618204','97618','9761804704887118'
'abolfazl635','taheri635','3142282817','31422535','31422','3142272211871113'
'abolfazl636','taheri636','1516147144','15161778','15161','1516174208438281'
'abolfazl637','taheri637','6255888661','62558705','62558','6255871888510576'
'abolfazl638','taheri638','5766184813','57661263','57661','5766146382253658'
'abolfazl639','taheri639','6811618117','68116052','68116','6811623288305107'
'abolfazl640','taheri640','7909658226','79096766','79096','7909605724638715'
'abolfazl641','taheri641','7907381425','79054883','790','7905725263356206'
'abolfazl642','taheri642','8590755164','85907074','85907','8590771168187775'
'abolfazl643','taheri643','1282945270','12829654','12829','1282912178414407'
'abolfazl644','taheri644','2283883747','22838538','22838','2283874064226483'
'abolfazl645','taheri645','4491353458','44913253','44913','4491353655716021'
'abolfazl646','taheri646','8902121647','89021082','89021','8902162832338351'
'abolfazl647','taheri647','4902630820','49026840','49026','4902682272841385'
'abolfazl648','taheri648','7545916863','75459680','75459','7545955472012233'
'abolfazl649','taheri649','6499308247','64993104','64993','6499322374886800'
'abolfazl650','taheri650','9317121774','93171542','93171','9317156805141048'
'abolfazl651','taheri651','4053583442','40535046','40535','4053586360817722'
'abolfazl652','taheri652','8674230080','86742358','86742','8674230633821688'
'abolfazl653','taheri653','8370371153','83703681','83703','8370324425714380'
'abolfazl654','taheri654','8481837434','84818516','84818','8481805862107384'
'abolfazl655','taheri655','6596563661','65968664','6596','6596412614082014'
'abolfazl656','taheri656','2356652700','23566607','23566','2356608385163227'
'abolfazl657','taheri657','6930161372','69301823','69301','6930167826200830'
'abolfazl658','taheri658','9351634243','93516812','93516','9351603713271321'
'abolfazl659','taheri659','9976124871','99761822','99761','9976145581782304'
'abolfazl660','taheri660','1784467808','17844353','17844','1784476157025353'
'abolfazl661','taheri661','2709042480','27090155','27090','2709075112412780'
'abolfazl662','taheri662','7087466462','70874680','70874','7087488404622762'
'abolfazl663','taheri663','4654188567','46541876','46541','4654173437445066'
'abolfazl664','taheri664','7766037463','77660286','77660','7766043177746777'
'abolfazl665','taheri665','1376947614','13769800','13769','1376901357265308'
'abolfazl666','taheri666','7975643537','79756285','79756','7975645736024538'
'abolfazl667','taheri667','1298780548','12987385','12987','1298757376803772'
'abolfazl668','taheri668','2813944466','28139801','28139','2813901750284568'
'abolfazl669','taheri669','8447864683','84478160','84478','8447848278062650'
'abolfazl670','taheri670','4937673654','49376525','49376','4937633163747176'
'abolfazl671','taheri671','9874668868','98746315','98746','9874664225271566'
'abolfazl672','taheri672','4146582054','41465228','4146','4146800446004454'
'abolfazl673','taheri673','8318332312','83183205','83183','8318340120148056'
'abolfazl674','taheri674','4014578641','40145884','40145','4014562447221827'
'abolfazl675','taheri675','4641625645','46416854','46416','4641616534264706'
'abolfazl676','taheri676','9653624280','96536542','96536','9653622316860238'
'abolfazl677','taheri677','8821057388','88210403','88210','8821067211464034'
'abolfazl678','taheri678','6995956052','69959522','69959','6995905257354154'
'abolfazl679','taheri679','6097817173','60978640','60978','6097872733441566'
'abolfazl680','taheri680','9976683178','99766613','99766','9976687584856466'
'abolfazl681','taheri681','3825554638','38252705','3825','3825175423631335'
'abolfazl682','taheri682','1777252708','17772752','17772','1777264855828885'
'abolfazl683','taheri683','2629072825','26290585','26290','2629011514163463'
'abolfazl684','taheri684','1381917004','13819582','13819','1381944802254155'
'abolfazl685','taheri685','2105421142','21054145','21054','2105481082477311'
'abolfazl686','taheri686','9401521256','94015225','94015','9401576657611804'
'abolfazl687','taheri687','3008651537','30086303','30086','3008621878502886'
'abolfazl688','taheri688','8091206174','80912483','80912','8091237043115137'
'abolfazl689','taheri689','2389276252','23892876','23892','2389265073523326'
'abolfazl690','taheri690','2336165884','23361002','23361','2336118255146087'
'abolfazl691','taheri691','8888115452','88881736','88881','8888147058705872'
'abolfazl692','taheri692','6216665388','62166007','62166','6216612647662060'
'abolfazl693','taheri693','2161304803','21613208','21613','2161388181728371'
'abolfazl694','taheri694','6954930725','69549018','69549','6954943421001664'
'abolfazl695','taheri695','7198435506','71984408','71984','7198485738211682'
'abolfazl696','taheri696','4034626081','40346381','40346','4034641663165864'
'abolfazl697','taheri697','1648534271','16485012','16485','1648531443502482'
'abolfazl698','taheri698','9286712028','92867407','92867','9286731548480148'
'abolfazl699','taheri699','9249255088','92492482','92492','9249251578863674'
'abolfazl700','taheri700','6818172158','68185863','6818','6818560815416500'
'abolfazl701','taheri701','9203930862','92039753','92039','9203980827481158'
'abolfazl702','taheri702','7893334681','78933524','78933','7893366217438563'
'abolfazl703','taheri703','3346007330','33460004','33460','3346011701481734'
'abolfazl704','taheri704','8181736411','81817324','81817','8181763233815007'
'abolfazl705','taheri705','6974156033','69746552','6974','6974174174441616'
'abolfazl706','taheri706','7636240531','76362733','76362','7636233445156870'
'abolfazl707','taheri707','2464375364','24643622','24643','2464342556405746'
'abolfazl708','taheri708','9148841881','91487485','9148','9148043556242330'
'abolfazl709','taheri709','3317320333','33173051','33173','3317331748350166'
'abolfazl710','taheri710','7728544075','77285218','77285','7728537687332588'
'abolfazl711','taheri711','2927410658','29274684','29274','2927428067064563'
'abolfazl712','taheri712','9847115846','98471302','98471','9847145087253667'
'abolfazl713','taheri713','3053437018','30534777','30534','3053464586435700'
'abolfazl714','taheri714','7621146072','76211243','76211','7621118655820725'
'abolfazl715','taheri715','7222666380','72226874','72226','7222635368734247'
'abolfazl716','taheri716','2552380107','25523673','25523','2552315572226664'
'abolfazl717','taheri717','6254548724','62545082','62545','6254574070522544'
'abolfazl718','taheri718','8533586620','85335674','85335','8533527612268777'
'abolfazl719','taheri719','4078056077','40780245','40780','4078057024743653'
'abolfazl720','taheri720','3422331827','34223410','34223','3422388645688775'
'abolfazl721','taheri721','9639237833','96392768','96392','9639204830028134'
'abolfazl722','taheri722','8347541572','83475565','83475','8347530671357848'
'abolfazl723','taheri723','6911468676','69114824','69114','6911452563327652'
'abolfazl724','taheri724','3351135706','33511312','33511','3351146663632306'
'abolfazl725','taheri725','4971116016','49711588','49711','4971175034025647'
'abolfazl726','taheri726','5395041020','53950241','53950','5395002202304732'
'abolfazl727','taheri727','8098767451','80987203','80987','8098722431125786'
'abolfazl728','taheri728','5872177883','58721185','58721','5872173000025777'
'abolfazl729','taheri729','4093881477','40938868','40938','4093851147138662'
'abolfazl730','taheri730','5313582667','53133637','5313','5313716844707113'
'abolfazl731','taheri731','7037585658','70376318','7037','7037225227008574'
'abolfazl732','taheri732','3768500236','37685867','37685','3768505281634845'
'abolfazl733','taheri733','8709887330','87098315','87098','8709838686660260'
'abolfazl734','taheri734','6612273064','66122517','66122','6612260318745134'
'abolfazl735','taheri735','6915224507','69152056','69152','6915254655771154'
'abolfazl736','taheri736','2928151801','29281848','29281','2928122271886148'
'abolfazl737','taheri737','8338760375','83387414','83387','8338713443344257'
'abolfazl738','taheri738','8064201016','80642604','80642','8064267002227261'
'abolfazl739','taheri739','2596402501','25964713','25964','2596455523756183'
'abolfazl740','taheri740','2740670172','27406018','27406','2740680462875351'
'abolfazl741','taheri741','9819537401','98195283','98195','9819575110333702'
'abolfazl742','taheri742','8623255864','86232301','86232','8623234004166771'
'abolfazl743','taheri743','7581327173','75813761','75813','7581303011512644'
'abolfazl744','taheri744','8743788887','87437561','87437','8743788502858823'
'abolfazl745','taheri745','6036763150','60367285','60367','6036725857660572'
'abolfazl746','taheri746','5277771216','52777618','52777','5277770803251754'
'abolfazl747','taheri747','2106836733','21068764','21068','2106816804236627'
'abolfazl748','taheri748','3492581601','34925622','34925','3492504528064544'
'abolfazl749','taheri749','9767130414','97674035','9767','9767355806811527'
'abolfazl750','taheri750','7519427060','75194116','75194','7519443780371370'
'abolfazl751','taheri751','6454948261','64549256','64549','6454917574086433'
'abolfazl752','taheri752','8769183667','87691414','87691','8769116275467170'
'abolfazl753','taheri753','3678347561','36783646','36783','3678345380412354'
'abolfazl754','taheri754','4513452214','45134718','45134','4513405614767084'
'abolfazl755','taheri755','5396365553','53963342','53963','5396365236337423'
'abolfazl756','taheri756','5795228563','57952872','57952','5795228510418220'
'abolfazl757','taheri757','4517503412','45175708','45175','4517547312451601'
'abolfazl758','taheri758','7004942835','70049136','70049','7004923086822272'
'abolfazl759','taheri759','3488402424','34884368','34884','3488471335813785'
'abolfazl760','taheri760','8963604248','89636861','89636','8963666508416651'
'abolfazl761','taheri761','5828755037','58287176','58287','5828778025080530'
'abolfazl762','taheri762','1454318207','14543055','14543','1454384452202515'
'abolfazl763','taheri763','6831767270','68317501','68317','6831777088688033'
'abolfazl764','taheri764','4723563415','47235724','47235','4723546687462877'
'abolfazl765','taheri765','8040446151','80404267','80404','8040473183068113'
'abolfazl766','taheri766','2044168282','20441408','20441','2044167476367400'
'abolfazl767','taheri767','6298421754','62984316','62984','6298424608576312'
'abolfazl768','taheri768','2048468844','20484475','20484','2048451816531074'
'abolfazl769','taheri769','5464850484','54648745','54648','5464882400883316'
'abolfazl770','taheri770','6603013670','66030040','66030','6603027138423173'
'abolfazl771','taheri771','4592251456','45922675','45922','4592217853018536'
'abolfazl772','taheri772','3719042576','37190527','37190','3719023274476671'
'abolfazl773','taheri773','7477688056','74776700','74776','7477686075837544'
'abolfazl774','taheri774','7438111426','74381886','74381','7438135123088072'
'abolfazl775','taheri775','6299677672','62996731','62996','6299608207758380'
'abolfazl776','taheri776','9763853174','97638070','97638','9763860814127436'
'abolfazl777','taheri777','9378114844','93781536','93781','9378168118606614'
'abolfazl778','taheri778','4328521145','43285713','43285','4328577845518462'
'abolfazl779','taheri779','9538553456','95385736','95385','9538570856456084'
'abolfazl780','taheri780','4122007474','41220006','41220','4122018836155563'
'abolfazl781','taheri781','4240963122','42409637','42409','4240968116073680'
'abolfazl782','taheri782','2812352331','28123727','28123','2812380851547303'
'abolfazl783','taheri783','8769482268','87694416','87694','8769420421317403'
'abolfazl784','taheri784','9604618835','96046145','96046','9604652058373637'
'abolfazl785','taheri785','4262080571','42620806','42620','4262064818554126'
'abolfazl786','taheri786','1183880758','11838558','11838','1183887222855080'
'abolfazl787','taheri787','7899763388','78997010','78997','7899717506472661'
'abolfazl788','taheri788','9974188837','99741177','99741','9974165322204803'
'abolfazl789','taheri789','4025685768','40256324','40256','4025628770767422'
'abolfazl790','taheri790','5832176126','58321376','58321','5832115364848510'
'abolfazl791','taheri791','9037362755','90373204','90373','9037344672337774'
'abolfazl792','taheri792','5519250053','55192838','55192','5519272708553581'
'abolfazl793','taheri793','5808916524','58089033','58089','5808917812227736'
'abolfazl794','taheri794','4920777637','49207317','49207','4920781443517088'
'abolfazl795','taheri795','9627327353','96273712','96273','9627348168157108'
'abolfazl796','taheri796','5301421872','53014614','53014','5301424436663060'
'abolfazl797','taheri797','1383647280','13836217','13836','1383653664864826'
'abolfazl798','taheri798','4964677215','49646881','49646','4964643077242400'
'abolfazl799','taheri799','4587566453','45875716','45875','4587575238727560'
'abolfazl800','taheri800','1762608461','17624502','1762','1762570020862373'
'abolfazl801','taheri801','5755564255','57555771','57555','5755517274078155'
'abolfazl802','taheri802','7369716858','73697435','73697','7369744476081164'
'abolfazl803','taheri803','7678903147','76789215','76789','7678971424131531'
'abolfazl804','taheri804','2472704532','24727362','24727','2472744384222735'
'abolfazl805','taheri805','4437930886','44379185','44379','4437915820108735'
'abolfazl806','taheri806','2940972185','29409785','29409','2940947241133462'
'abolfazl807','taheri807','9103616688','91036037','91036','9103608516816287'
'abolfazl808','taheri808','2900253144','29002563','29002','2900216017646223'
'abolfazl809','taheri809','4826647301','48266700','48266','4826684343501033'
'abolfazl810','taheri810','9361525013','93615465','93615','9361514877323847'
'abolfazl811','taheri811','5528246782','55282077','55282','5528204810085614'
'abolfazl812','taheri812','6439130327','64391027','64391','6439186083537875'
'abolfazl813','taheri813','1761563288','17633015','176','1764586112724188'
'abolfazl814','taheri814','1972826007','19728215','19728','1972870782620756'
'abolfazl815','taheri815','6862356521','68608514','686','6863776707318200'
'abolfazl816','taheri816','9342836880','93428680','93428','9342806072180176'
'abolfazl817','taheri817','9625063050','96254528','9625','9625724614081125'
'abolfazl818','taheri818','5325015236','53250712','53250','5325031816230172'
'abolfazl819','taheri819','6112215452','61122722','61122','6112262485108651'
'abolfazl820','taheri820','7858583426','78587202','7858','7858660281153715'
'abolfazl821','taheri821','7524364324','75243821','75243','7524303088168223'
'abolfazl822','taheri822','6164600772','61646377','61646','6164663171205883'
'abolfazl823','taheri823','8028904167','80289445','80289','8028918816857554'
'abolfazl824','taheri824','5347331465','53473835','53473','5347313820044048'
'abolfazl825','taheri825','3136305627','31363447','31363','3136337385722465'
'abolfazl826','taheri826','5893144413','58931832','58931','5893140672417272'
'abolfazl827','taheri827','6311535585','63115738','63115','6311558660111425'
'abolfazl828','taheri828','3216371840','32163580','32163','3216304317876514'
'abolfazl829','taheri829','3645437678','36454031','36454','3645412621726672'
'abolfazl830','taheri830','3984278301','39842625','39842','3984207365443718'
'abolfazl831','taheri831','5477460524','54774738','54774','5477420018507423'
'abolfazl832','taheri832','3365746853','33657786','33657','3365700878600523'
'abolfazl833','taheri833','2922375343','29223846','29223','2922324584158525'
'abolfazl834','taheri834','6442526661','64425074','64425','6442541801141623'
'abolfazl835','taheri835','3561157765','35611610','35611','3561101411403207'
'abolfazl836','taheri836','3015302332','30153753','30153','3015313465288552'
'abolfazl837','taheri837','9534800022','95348453','95348','9534846327313717'
'abolfazl838','taheri838','9568750288','95687206','95687','9568707522208723'
'abolfazl839','taheri839','7194120000','71943428','7194','7194114706104660'
'abolfazl840','taheri840','2454584416','24545453','24545','2454567747652606'
'abolfazl841','taheri841','2781831784','27813374','2781','2781807512028736'
'abolfazl842','taheri842','1438211252','14385713','1438','1438812632287286'
'abolfazl843','taheri843','1546746745','15460533','1546','1546661874566534'
'abolfazl844','taheri844','5899867816','58998024','58998','5899805044420571'
'abolfazl845','taheri845','1360261284','13602600','13602','1360206853014173'
'abolfazl846','taheri846','5190127746','51906260','5190','5190713857671635'
'abolfazl847','taheri847','8246548275','82465720','82465','8246511750353741'
'abolfazl848','taheri848','4355762855','43557611','43557','4355756805101207'
'abolfazl849','taheri849','4710166602','47101311','47101','4710117361213465'
'abolfazl850','taheri850','7673314154','76733513','76733','7673388738300544'
'abolfazl851','taheri851','3679442813','36794844','36794','3679480680072310'
'abolfazl852','taheri852','4172082671','41720013','41720','4172051236324461'
'abolfazl853','taheri853','2370955853','23709331','23709','2370966035576046'
'abolfazl854','taheri854','8292538885','82925465','82925','8292556675670557'
'abolfazl855','taheri855','2452746246','24527022','24527','2452771366730407'
'abolfazl856','taheri856','1171573606','11715738','11715','1171566850142248'
'abolfazl857','taheri857','6790341313','67906813','6790','6790730267478123'
'abolfazl858','taheri858','8118230003','81182856','81182','8118225173016131'
'abolfazl859','taheri859','7863613701','78636371','78636','7863606816032136'
'abolfazl860','taheri860','2287037206','22870504','22870','2287046634705583'
'abolfazl861','taheri861','7369162428','73691118','73691','7369111040685484'
'abolfazl862','taheri862','1853465427','18534016','18534','1853416248537743'
'abolfazl863','taheri863','5434927605','54349231','54349','5434917583528520'
'abolfazl864','taheri864','3491885738','34918755','34918','3491886687802763'
'abolfazl865','taheri865','8871343178','88713345','88713','8871377210722108'
'abolfazl866','taheri866','6343661330','63434753','6343','6343685720852563'
'abolfazl867','taheri867','5948974850','59489502','59489','5948910402660230'
'abolfazl868','taheri868','7679351184','76793273','76793','7679304504115362'
'abolfazl869','taheri869','4508885303','45088602','45088','4508806581330748'
'abolfazl870','taheri870','4732862202','47328267','47328','4732802474255811'
'abolfazl871','taheri871','8123067760','81230786','81230','8123081815128314'
'abolfazl872','taheri872','9161756282','91617726','91617','9161774827314030'
'abolfazl873','taheri873','1830470067','18307417','1830','1830468655430551'
'abolfazl874','taheri874','8456642370','84566114','84566','8456677473352322'
'abolfazl875','taheri875','1701076054','17010606','17010','1701016606246782'
'abolfazl876','taheri876','7957338518','79573026','79573','7957330518786612'
'abolfazl877','taheri877','9603315043','96033740','96033','9603380732426124'
'abolfazl878','taheri878','6802671482','68026078','68026','6802613028542388'
'abolfazl879','taheri879','1267777342','12677482','12677','1267713707436551'
'abolfazl880','taheri880','2820534160','28205101','28205','2820548840766853'
'abolfazl881','taheri881','4651573434','46515704','46515','4651511687704567'
'abolfazl882','taheri882','1666318858','16663200','16663','1666360408755173'
'abolfazl883','taheri883','6485817461','64858017','64858','6485857434484335'
'abolfazl884','taheri884','7765822025','77658534','77658','7765864045441075'
'abolfazl885','taheri885','5251082231','52510604','5251','5251568707378650'
'abolfazl886','taheri886','1922733776','19227681','19227','1922760837610870'
'abolfazl887','taheri887','5062881415','50628626','50628','5062867372405823'
'abolfazl888','taheri888','8262385367','82623241','82623','8262310247876333'
'abolfazl889','taheri889','5086928645','50869631','50869','5086968458275544'
'abolfazl890','taheri890','7616022176','76160632','76160','7616084547880358'
'abolfazl891','taheri891','9250181131','92501211','92501','9250115351684612'
'abolfazl892','taheri892','9483237124','94832876','94832','9483248247187500'
'abolfazl893','taheri893','5583503356','55835222','55835','5583588078558478'
'abolfazl894','taheri894','1467716243','14677768','14677','1467704035738127'
'abolfazl895','taheri895','6617827811','66178204','66178','6617842832786832'
'abolfazl896','taheri896','7184653234','71846416','71846','7184605710381487'
'abolfazl897','taheri897','6499660727','64996227','64996','6499635107704347'
'abolfazl898','taheri898','9601350875','96013058','96013','9601363327431468'
'abolfazl899','taheri899','4576237565','45762773','45762','4576285475630687'
'abolfazl900','taheri900','9138966876','91389078','91389','9138917666115727'
'abolfazl901','taheri901','2798732800','27987546','27987','2798742218682407'
'abolfazl902','taheri902','5949274426','59492202','59492','5949284478538401'
'abolfazl903','taheri903','2152512561','21525185','21525','2152503238726115'
'abolfazl904','taheri904','9501847417','95018751','95018','9501834206488137'
'abolfazl905','taheri905','7204453184','72044340','72044','7204477736747300'
'abolfazl906','taheri906','5994136738','59942412','5994','5994876620721341'
'abolfazl907','taheri907','6809816743','68098728','68098','6809810667343408'
'abolfazl908','taheri908','3804347468','38043233','38043','3804357634241810'
'abolfazl909','taheri909','3171987225','31719053','31719','3171968123037557'
'abolfazl910','taheri910','1517000251','15175808','1517','1517736041006447'
'abolfazl911','taheri911','7772006214','77720804','77720','7772055701861306'
'abolfazl912','taheri912','7879787414','78797113','78797','7879743354824236'
'abolfazl913','taheri913','7581427668','75814020','75814','7581407702771084'
'abolfazl914','taheri914','3354362518','33543805','33543','3354308410468527'
'abolfazl915','taheri915','4719048350','47190745','47190','4719064571532453'
'abolfazl916','taheri916','9156272361','91566302','9156','9156025365105305'
'abolfazl917','taheri917','5894755205','58947226','58947','5894710335537126'
'abolfazl918','taheri918','5436905745','54369031','54369','5436954631747322'
'abolfazl919','taheri919','4058236367','40582043','40582','4058203371444485'
'abolfazl920','taheri920','1165958628','11659241','11659','1165957832748511'
'abolfazl921','taheri921','1795580031','17955015','17955','1795530726767605'
'abolfazl922','taheri922','9398683426','93986087','93986','9398624272371380'
'abolfazl923','taheri923','2214775734','22147451','22147','2214720153236680'
'abolfazl924','taheri924','6973672070','69736115','69736','6973633413158428'
'abolfazl925','taheri925','6791153278','67912671','6791','6791075888713375'
'abolfazl926','taheri926','6277771651','62777071','62777','6277758376328040'
'abolfazl927','taheri927','2034880803','20348815','20348','2034850066478403'
'abolfazl928','taheri928','9385125044','93851372','93851','9385183026041445'
'abolfazl929','taheri929','4358568823','43585205','43585','4358526556023553'
'abolfazl930','taheri930','9117113176','91171718','91171','9117170414785686'
'abolfazl931','taheri931','5652961810','56529562','56529','5652904224475065'
'abolfazl932','taheri932','8715542208','87155262','87155','8715538644410226'
'abolfazl933','taheri933','4726757717','47267342','47267','4726743546160356'
'abolfazl934','taheri934','2639327775','26393582','26393','2639330326753686'
'abolfazl935','taheri935','4329037323','43290666','43290','4329087020063011'
'abolfazl936','taheri936','3662110238','36621531','36621','3662143466075286'
'abolfazl937','taheri937','3448240716','34482637','34482','3448202178485127'
'abolfazl938','taheri938','3272926741','32729328','32729','3272985138601153'
'abolfazl939','taheri939','8647126782','86477255','8647','8647546747874625'
'abolfazl940','taheri940','1681057055','16810472','16810','1681075412661857'
'abolfazl941','taheri941','8981852858','89818332','89818','8981836383172802'
'abolfazl942','taheri942','1748726215','17487612','17487','1748705061032467'
'abolfazl943','taheri943','3939447282','39394520','39394','3939412330277107'
'abolfazl944','taheri944','9469980232','94699807','94699','9469975562725261'
'abolfazl945','taheri945','8764341511','87648081','8764','8764855621044006'
'abolfazl946','taheri946','3577571214','35775875','35775','3577520310632525'
'abolfazl947','taheri947','3505788313','35057038','35057','3505718562871233'
'abolfazl948','taheri948','3969226605','39692174','39692','3969264803627562'
'abolfazl949','taheri949','5001953714','50019016','50019','5001937461282637'
'abolfazl950','taheri950','1841860247','18418174','18418','1841807841637855'
'abolfazl951','taheri951','3483977813','34839430','34839','3483915638647688'
'abolfazl952','taheri952','6252274334','62522642','62522','6252228643742785'
'abolfazl953','taheri953','3956733600','39563202','3956','3956727368163046'
'abolfazl954','taheri954','5013961444','50139082','50139','5013983886214474'
'abolfazl955','taheri955','1746650170','17466325','17466','1746627058862303'
'abolfazl956','taheri956','8961804046','89618617','89618','8961825377412300'
'abolfazl957','taheri957','9027402357','90274501','90274','9027447177324440'
'abolfazl958','taheri958','1669827480','16690765','1669','1669885662050605'
'abolfazl959','taheri959','2844764077','28447338','28447','2844784684203264'
'abolfazl960','taheri960','8732012321','87320871','87320','8732014801601487'
'abolfazl961','taheri961','4723362505','47233724','47233','4723313741160874'
'abolfazl962','taheri962','1951567382','19515617','19515','1951548456157244'
'abolfazl963','taheri963','6417736235','64177102','64177','6417784076075463'
'abolfazl964','taheri964','2145660161','21456167','21456','2145655076658610'
'abolfazl965','taheri965','4840382183','48403162','48403','4840372701840851'
'abolfazl966','taheri966','4897947108','48979652','48979','4897976846847414'
'abolfazl967','taheri967','8099371327','80993813','80993','8099378630282036'
'abolfazl968','taheri968','3709001843','37091456','3709','3709018383703821'
'abolfazl969','taheri969','4479238287','44791881','4479','4479227076371373'
'abolfazl970','taheri970','2984816662','29848313','29848','2984813440177723'
'abolfazl971','taheri971','1079286366','10792832','10792','1079225034768253'
'abolfazl972','taheri972','7483615115','74836388','74836','7483610487207843'
'abolfazl973','taheri973','8041555774','80415013','80415','8041574815787008'
'abolfazl974','taheri974','9512208524','95122147','95122','9512202751740336'
'abolfazl975','taheri975','3111145223','31111435','31111','3111107478841872'
'abolfazl976','taheri976','3804702177','38041111','3804','3804132328824454'
'abolfazl977','taheri977','7234425504','72344217','72344','7234488314451512'
'abolfazl978','taheri978','6517265806','65172284','65172','6517238220777155'
'abolfazl979','taheri979','1249525551','12495315','12495','1249568126744246'
'abolfazl980','taheri980','8627640531','86276281','86276','8627636432140745'
'abolfazl981','taheri981','3488586316','34885051','34885','3488514131581488'
'abolfazl982','taheri982','4646681327','46466405','46466','4646650616421577'
'abolfazl983','taheri983','9286113043','92861734','92861','9286164654332044'
'abolfazl984','taheri984','9891241744','98912343','98912','9891271514182825'
'abolfazl985','taheri985','5543648545','55436084','55436','5543613717785608'
'abolfazl986','taheri986','7254186265','72541102','72541','7254181355100814'
'abolfazl987','taheri987','2828527857','28285273','28285','2828586018774808'
'abolfazl988','taheri988','9257864802','92578526','92578','9257846434185024'
'abolfazl989','taheri989','6296216337','62962751','62962','6296264713142040'
'abolfazl990','taheri990','1434966811','14349328','14349','1434958584774024'
'abolfazl991','taheri991','7153534505','71535806','71535','7153581716206722'
'abolfazl992','taheri992','4513767525','45137758','45137','4513741566543778'
'abolfazl993','taheri993','4276251085','42762477','42762','4276283680664860'
'abolfazl994','taheri994','1703462504','17034656','17034','1703475141128280'
'abolfazl995','taheri995','6611900257','66119680','66119','6611975450204381'
'abolfazl996','taheri996','2836164516','28361268','28361','2836101507777510'
'abolfazl997','taheri997','1837610770','18376405','18376','1837643133101651'
'abolfazl998','taheri998','3485431421','34854011','34854','3485413247223415'
'abolfazl999','taheri999','5655856676','56558712','56558','5655884426204030'
