abolfazl0,taheri0,1111111111,11111111,0,111111111111111
abolfazl1,taheri1,1111111112,11111112,1,111111111111112
abolfazl2,taheri2,1111111113,11111113,2,111111111111113
abolfazl3,taheri3,1111111114,11111114,3,111111111111114
abolfazl4,taheri4,1111111115,11111115,4,111111111111115
abolfazl5,taheri5,1111111116,11111116,5,111111111111116
abolfazl6,taheri6,1111111117,11111117,6,111111111111117
abolfazl7,taheri7,1111111118,11111118,7,111111111111118
abolfazl8,taheri8,1111111119,11111119,8,111111111111119
abolfazl9,taheri9,1111111120,11111120,9,111111111111120
abolfazl10,taheri10,1111111121,11111121,10,111111111111121
abolfazl11,taheri11,1111111122,11111122,11,111111111111122
abolfazl12,taheri12,1111111123,11111123,12,111111111111123
abolfazl13,taheri13,1111111124,11111124,13,111111111111124
abolfazl14,taheri14,1111111125,11111125,14,111111111111125
abolfazl15,taheri15,1111111126,11111126,15,111111111111126
abolfazl16,taheri16,1111111127,11111127,16,111111111111127
abolfazl17,taheri17,1111111128,11111128,17,111111111111128
abolfazl18,taheri18,1111111129,11111129,18,111111111111129
abolfazl19,taheri19,1111111130,11111130,19,111111111111130
abolfazl20,taheri20,1111111131,11111131,20,111111111111131
abolfazl21,taheri21,1111111132,11111132,21,111111111111132
abolfazl22,taheri22,1111111133,11111133,22,111111111111133
abolfazl23,taheri23,1111111134,11111134,23,111111111111134
abolfazl24,taheri24,1111111135,11111135,24,111111111111135
abolfazl25,taheri25,1111111136,11111136,25,111111111111136
abolfazl26,taheri26,1111111137,11111137,26,111111111111137
abolfazl27,taheri27,1111111138,11111138,27,111111111111138
abolfazl28,taheri28,1111111139,11111139,28,111111111111139
abolfazl29,taheri29,1111111140,11111140,29,111111111111140
abolfazl30,taheri30,1111111141,11111141,30,111111111111141
abolfazl31,taheri31,1111111142,11111142,31,111111111111142
abolfazl32,taheri32,1111111143,11111143,32,111111111111143
abolfazl33,taheri33,1111111144,11111144,33,111111111111144
abolfazl34,taheri34,1111111145,11111145,34,111111111111145
abolfazl35,taheri35,1111111146,11111146,35,111111111111146
abolfazl36,taheri36,1111111147,11111147,36,111111111111147
abolfazl37,taheri37,1111111148,11111148,37,111111111111148
abolfazl38,taheri38,1111111149,11111149,38,111111111111149
abolfazl39,taheri39,1111111150,11111150,39,111111111111150
abolfazl40,taheri40,1111111151,11111151,40,111111111111151
abolfazl41,taheri41,1111111152,11111152,41,111111111111152
abolfazl42,taheri42,1111111153,11111153,42,111111111111153
abolfazl43,taheri43,1111111154,11111154,43,111111111111154
abolfazl44,taheri44,1111111155,11111155,44,111111111111155
abolfazl45,taheri45,1111111156,11111156,45,111111111111156
abolfazl46,taheri46,1111111157,11111157,46,111111111111157
abolfazl47,taheri47,1111111158,11111158,47,111111111111158
abolfazl48,taheri48,1111111159,11111159,48,111111111111159
abolfazl49,taheri49,1111111160,11111160,49,111111111111160
abolfazl50,taheri50,1111111161,11111161,50,111111111111161
abolfazl51,taheri51,1111111162,11111162,51,111111111111162
abolfazl52,taheri52,1111111163,11111163,52,111111111111163
abolfazl53,taheri53,1111111164,11111164,53,111111111111164
abolfazl54,taheri54,1111111165,11111165,54,111111111111165
abolfazl55,taheri55,1111111166,11111166,55,111111111111166
abolfazl56,taheri56,1111111167,11111167,56,111111111111167
abolfazl57,taheri57,1111111168,11111168,57,111111111111168
abolfazl58,taheri58,1111111169,11111169,58,111111111111169
abolfazl59,taheri59,1111111170,11111170,59,111111111111170
abolfazl60,taheri60,1111111171,11111171,60,111111111111171
abolfazl61,taheri61,1111111172,11111172,61,111111111111172
abolfazl62,taheri62,1111111173,11111173,62,111111111111173
abolfazl63,taheri63,1111111174,11111174,63,111111111111174
abolfazl64,taheri64,1111111175,11111175,64,111111111111175
abolfazl65,taheri65,1111111176,11111176,65,111111111111176
abolfazl66,taheri66,1111111177,11111177,66,111111111111177
abolfazl67,taheri67,1111111178,11111178,67,111111111111178
abolfazl68,taheri68,1111111179,11111179,68,111111111111179
abolfazl69,taheri69,1111111180,11111180,69,111111111111180
abolfazl70,taheri70,1111111181,11111181,70,111111111111181
abolfazl71,taheri71,1111111182,11111182,71,111111111111182
abolfazl72,taheri72,1111111183,11111183,72,111111111111183
abolfazl73,taheri73,1111111184,11111184,73,111111111111184
abolfazl74,taheri74,1111111185,11111185,74,111111111111185
abolfazl75,taheri75,1111111186,11111186,75,111111111111186
abolfazl76,taheri76,1111111187,11111187,76,111111111111187
abolfazl77,taheri77,1111111188,11111188,77,111111111111188
abolfazl78,taheri78,1111111189,11111189,78,111111111111189
abolfazl79,taheri79,1111111190,11111190,79,111111111111190
abolfazl80,taheri80,1111111191,11111191,80,111111111111191
abolfazl81,taheri81,1111111192,11111192,81,111111111111192
abolfazl82,taheri82,1111111193,11111193,82,111111111111193
abolfazl83,taheri83,1111111194,11111194,83,111111111111194
abolfazl84,taheri84,1111111195,11111195,84,111111111111195
abolfazl85,taheri85,1111111196,11111196,85,111111111111196
abolfazl86,taheri86,1111111197,11111197,86,111111111111197
abolfazl87,taheri87,1111111198,11111198,87,111111111111198
abolfazl88,taheri88,1111111199,11111199,88,111111111111199
abolfazl89,taheri89,1111111200,11111200,89,111111111111200
abolfazl90,taheri90,1111111201,11111201,90,111111111111201
abolfazl91,taheri91,1111111202,11111202,91,111111111111202
abolfazl92,taheri92,1111111203,11111203,92,111111111111203
abolfazl93,taheri93,1111111204,11111204,93,111111111111204
abolfazl94,taheri94,1111111205,11111205,94,111111111111205
abolfazl95,taheri95,1111111206,11111206,95,111111111111206
abolfazl96,taheri96,1111111207,11111207,96,111111111111207
abolfazl97,taheri97,1111111208,11111208,97,111111111111208
abolfazl98,taheri98,1111111209,11111209,98,111111111111209
abolfazl99,taheri99,1111111210,11111210,99,111111111111210
