abolfazl0,taheri0,6057241702,60572725,60572,6057225620056858
abolfazl1,taheri1,1868204320,18682233,18682,1868274255556183
abolfazl2,taheri2,7854141818,78541686,78541,7854141616622488
abolfazl3,taheri3,4462954474,44629281,44629,4462957056212132
abolfazl4,taheri4,3605008362,36052712,3605,3605623105608418
abolfazl5,taheri5,8073152083,80731440,80731,8073175846542255
abolfazl6,taheri6,5876937534,58769286,58769,5876940118788638
abolfazl7,taheri7,6450647186,64506570,64506,6450610717567158
abolfazl8,taheri8,9668801700,96688738,96688,9668857052624465
abolfazl9,taheri9,2248463326,22484224,22484,2248458222260512
abolfazl10,taheri10,3685345302,36853324,36853,3685342576143511
abolfazl11,taheri11,6496357617,64963238,64963,6496345001287650
abolfazl12,taheri12,9304312647,93043676,93043,9304331856402045
abolfazl13,taheri13,3826157733,38266081,3826,3826513838838386
abolfazl14,taheri14,1083806742,10838484,10838,1083810374612528
abolfazl15,taheri15,9050463353,90504282,90504,9050445633417021
abolfazl16,taheri16,8068384585,80683136,80683,8068311188571568
abolfazl17,taheri17,9747960820,97479614,97479,9747900850272130
abolfazl18,taheri18,2262166254,22621252,22621,2262177281624820
abolfazl19,taheri19,6141811654,61418535,61418,6141876822782512
abolfazl20,taheri20,6236565337,62365082,62365,6236553861323450
abolfazl21,taheri21,1858738635,18587434,18587,1858750228412570
abolfazl22,taheri22,3133001801,31330410,31330,3133016308310122
abolfazl23,taheri23,7115280305,71152053,71152,7115284886578764
abolfazl24,taheri24,3564383573,35643221,35643,3564312727838824
abolfazl25,taheri25,3566353761,35663608,35663,3566374170812037
abolfazl26,taheri26,5540857072,55484004,554,5541241325142214
abolfazl27,taheri27,6802746038,68027834,68027,6802762302426044
abolfazl28,taheri28,1441837021,14418858,14418,1441827258407442
abolfazl29,taheri29,7463865584,74638177,74638,7463882122012374
abolfazl30,taheri30,6347201553,63472472,63472,6347255664777835
abolfazl31,taheri31,3316065046,33160481,33160,3316006136840857
abolfazl32,taheri32,2767948128,27679082,27679,2767963217257268
abolfazl33,taheri33,7710742367,77107652,77107,7710734568021257
abolfazl34,taheri34,4710646755,47106565,47106,4710688011453245
abolfazl35,taheri35,5341024376,53410767,53410,5341073441783385
abolfazl36,taheri36,5465837256,54658020,54658,5465812558641334
abolfazl37,taheri37,5393335284,53930420,5393,5393348113015230
abolfazl38,taheri38,9974682464,99746566,99746,9974660575148061
abolfazl39,taheri39,2982646013,29826748,29826,2982655158180448
abolfazl40,taheri40,8023474486,80234002,80234,8023456230172166
abolfazl41,taheri41,3325107717,33251200,33251,3325134741612862
abolfazl42,taheri42,6228545804,62285605,62285,6228565073824780
abolfazl43,taheri43,7325258730,73252574,73252,7325222505083315
abolfazl44,taheri44,6062422777,60624041,60624,6062408411846717
abolfazl45,taheri45,4609777521,46097580,46097,4609731710113614
abolfazl46,taheri46,6754565754,67545271,67545,6754573162170635
abolfazl47,taheri47,3459905832,34599407,34599,3459917868881723
abolfazl48,taheri48,6745613861,67456256,67456,6745601761251501
abolfazl49,taheri49,7068388008,70683588,70683,7068322111151032
abolfazl50,taheri50,3595951416,35959831,35959,3595953661774715
abolfazl51,taheri51,1737665328,17376500,17376,1737684600760586
abolfazl52,taheri52,5809811671,58098614,58098,5809867687604413
abolfazl53,taheri53,1680531864,16805325,16805,1680555727408077
abolfazl54,taheri54,8946405003,89464072,89464,8946405166876081
abolfazl55,taheri55,3887560262,38875265,38875,3887580676034864
abolfazl56,taheri56,9144714432,91447013,91447,9144760452270071
abolfazl57,taheri57,5008060677,50080220,50080,5008005145678445
abolfazl58,taheri58,2266767315,22667844,22667,2266725366547471
abolfazl59,taheri59,8513623034,85136762,85136,8513602128754681
abolfazl60,taheri60,3959976821,39599210,39599,3959953271414656
abolfazl61,taheri61,3313668046,33136053,33136,3313620141311831
abolfazl62,taheri62,5187671880,51876156,51876,5187625155188507
abolfazl63,taheri63,6236644448,62366457,62366,6236620302831237
abolfazl64,taheri64,3851974066,38519301,38519,3851932311283407
abolfazl65,taheri65,8406377555,84063552,84063,8406360427810344
abolfazl66,taheri66,3509724017,35097570,35097,3509735234720227
abolfazl67,taheri67,4867941386,48679816,48679,4867943025584717
abolfazl68,taheri68,2883178862,28831048,28831,2883116505436518
abolfazl69,taheri69,7606161325,76061278,76061,7606185552237752
abolfazl70,taheri70,4096632025,40966718,40966,4096643811272044
abolfazl71,taheri71,7648727347,76487716,76487,7648745576665038
abolfazl72,taheri72,1602601027,16026476,16026,1602636555377604
abolfazl73,taheri73,5714753635,57147068,5714,5714676104526031
abolfazl74,taheri74,1390474721,13904678,13904,1390407315836321
abolfazl75,taheri75,5579386165,55793375,55793,5579384577626728
abolfazl76,taheri76,8535925343,85359587,85359,8535928471852146
abolfazl77,taheri77,8281838068,82818278,82818,8281840428733261
abolfazl78,taheri78,2890270321,28902701,28902,2890206616003827
abolfazl79,taheri79,6474424725,64744276,64744,6474424000211531
abolfazl80,taheri80,6682810032,66828540,66828,6682855140040703
abolfazl81,taheri81,7548718038,75480633,7548,7548165718458184
abolfazl82,taheri82,3091628820,30916706,30916,3091660211181181
abolfazl83,taheri83,7186425376,71864648,71864,7186450625612657
abolfazl84,taheri84,6908206180,69082234,69082,6908241705802262
abolfazl85,taheri85,6895911168,68959327,68959,6895907143161864
abolfazl86,taheri86,7035303245,70353247,70353,7035367711115266
abolfazl87,taheri87,5185534637,51855260,51855,5185578554770615
abolfazl88,taheri88,3543542440,35435084,35435,3543522667858122
abolfazl89,taheri89,4407402036,44074013,44074,4407484252428727
abolfazl90,taheri90,8416956883,84169471,84169,8416920007837430
abolfazl91,taheri91,5759581775,57595287,57595,5759560042425348
abolfazl92,taheri92,7300804338,73008770,73008,7300801174407051
abolfazl93,taheri93,7107066581,71070232,71070,7107000758453470
abolfazl94,taheri94,8530122052,85301516,85301,8530172368535065
abolfazl95,taheri95,2035210526,20352358,20352,2035230206324125
abolfazl96,taheri96,2026347214,20263710,20263,2026318867163447
abolfazl97,taheri97,7825742725,78254174,7825,7825255155306041
abolfazl98,taheri98,4050144453,40501556,40501,4050176340181542
abolfazl99,taheri99,9362240058,93622420,93622,9362221716552873
abolfazl100,taheri100,8462620548,84626717,84626,8462655756631547
abolfazl101,taheri101,7621010463,76210313,76210,7621075420661000
abolfazl102,taheri102,1567882408,15674661,1567,1567173233067348
abolfazl103,taheri103,2856278600,28517538,285,2850072068558501
abolfazl104,taheri104,7008375567,70083156,70083,7008365876676142
abolfazl105,taheri105,5566871760,55668836,55668,5566870205532152
abolfazl106,taheri106,4240130533,42401248,42401,4240151330383016
abolfazl107,taheri107,5958264371,59582308,59582,5958238625204652
abolfazl108,taheri108,9000334683,90003005,90003,9000303113602811
abolfazl109,taheri109,6693800824,66938577,66938,6693833044830321
abolfazl110,taheri110,2528353566,25283112,25283,2528335376552348
abolfazl111,taheri111,7376067401,73760632,73760,7376010606763313
abolfazl112,taheri112,1934678781,19346356,19346,1934684382581205
abolfazl113,taheri113,7545307448,75453470,75453,7545304546884386
abolfazl114,taheri114,2871234752,28712722,28712,2871280063281434
abolfazl115,taheri115,9530026656,95300378,95300,9530005471527420
abolfazl116,taheri116,7912835414,79128745,79128,7912813122864287
abolfazl117,taheri117,9574105270,95741556,95741,9574101451237003
abolfazl118,taheri118,3934730658,39347041,39347,3934723740380521
abolfazl119,taheri119,4943781206,49437338,49437,4943780225825300
abolfazl120,taheri120,4185011151,41850064,41850,4185046841842452
abolfazl121,taheri121,5846515862,58465041,58465,5846525801302877
abolfazl122,taheri122,4877547615,48775568,48775,4877587065154157
abolfazl123,taheri123,9039282028,90391762,9039,9039032638241615
abolfazl124,taheri124,6053621144,60536686,60536,6053678451022247
abolfazl125,taheri125,1644821848,16443112,1644,1644874503573038
abolfazl126,taheri126,6608644871,66086551,66086,6608667123065726
abolfazl127,taheri127,6883813322,68834664,6883,6883444804648105
abolfazl128,taheri128,2760406431,27604280,27604,2760435867615078
abolfazl129,taheri129,4092731336,40927580,40927,4092758756736825
abolfazl130,taheri130,5461985555,54619860,54619,5461911310840520
abolfazl131,taheri131,4298000114,42980626,42980,4298050277657444
abolfazl132,taheri132,7362921876,73629280,73629,7362932376565502
abolfazl133,taheri133,7517332700,75173001,75173,7517385385472728
abolfazl134,taheri134,3425963687,34259536,34259,3425968146785406
abolfazl135,taheri135,3656977373,36569834,36569,3656956616081755
abolfazl136,taheri136,1917702258,19177256,19177,1917722161648435
abolfazl137,taheri137,3711835171,37118476,37118,3711871111570833
abolfazl138,taheri138,7050184248,70501211,70501,7050148767875237
abolfazl139,taheri139,1942318547,19423663,19423,1942384155356483
abolfazl140,taheri140,5244958756,52449533,52449,5244937747221256
abolfazl141,taheri141,7244724035,72440044,7244,7244022162028842
abolfazl142,taheri142,9569923286,95699032,95699,9569935617786282
abolfazl143,taheri143,7248323524,72483308,72483,7248313043400423
abolfazl144,taheri144,7094242455,70942331,7094,7094634828214816
abolfazl145,taheri145,1998867333,19988652,19988,1998852136116687
abolfazl146,taheri146,3888882036,38888485,38888,3888888477050008
abolfazl147,taheri147,1941732646,19417476,19417,1941767571583557
abolfazl148,taheri148,7832140115,78321073,78321,7832137573634667
abolfazl149,taheri149,3995340206,39953150,39953,3995358361800320
abolfazl150,taheri150,6892924533,68929445,68929,6892954827458686
abolfazl151,taheri151,2569105412,25691482,25691,2569108533448016
abolfazl152,taheri152,1661663878,16616824,16616,1661617623450522
abolfazl153,taheri153,8732305053,87323885,87323,8732303336803210
abolfazl154,taheri154,9546514721,95465524,95465,9546520787840452
abolfazl155,taheri155,6950543657,69505132,69505,6950520580825351
abolfazl156,taheri156,7454126835,74541580,74541,7454160282477166
abolfazl157,taheri157,3291085262,32910113,32910,3291047010662814
abolfazl158,taheri158,1404568117,14045375,14045,1404550756753703
abolfazl159,taheri159,2853873383,28538041,28538,2853853877051750
abolfazl160,taheri160,9360067240,93600784,93600,9360023637508374
abolfazl161,taheri161,8517938788,85179581,85179,8517956884483523
abolfazl162,taheri162,4548604301,45486363,45486,4548661670346563
abolfazl163,taheri163,7251774750,72517562,72517,7251766424608838
abolfazl164,taheri164,8131754666,81317634,81317,8131773641402031
abolfazl165,taheri165,4458453560,44584071,44584,4458410842012533
abolfazl166,taheri166,2052121457,20525332,2052,2052847227402865
abolfazl167,taheri167,2996672421,29966431,29966,2996620022388677
abolfazl168,taheri168,6128346276,61283371,6128,6128830648626160
abolfazl169,taheri169,4964153367,49645110,4964,4964821873581403
abolfazl170,taheri170,6707105217,67071367,67071,6707134057735730
abolfazl171,taheri171,2215244213,22152230,22152,2215206171176285
abolfazl172,taheri172,1538913235,15389731,15389,1538913771181083
abolfazl173,taheri173,8007543800,80075517,80075,8007581370383808
abolfazl174,taheri174,7679336411,76793876,76793,7679306472811716
abolfazl175,taheri175,4729958861,47299651,47299,4729944531780722
abolfazl176,taheri176,9871685305,98716278,98716,9871622807801144
abolfazl177,taheri177,5746345886,57462152,5746,5746144682583604
abolfazl178,taheri178,9098412758,90984007,90984,9098423118736648
abolfazl179,taheri179,4973917073,49739413,49739,4973911617475075
abolfazl180,taheri180,5229733035,52297405,52297,5229721613106035
abolfazl181,taheri181,8683211258,86832127,86832,8683231617812568
abolfazl182,taheri182,3420807211,34208868,34208,3420822823045787
abolfazl183,taheri183,1372566530,13725315,13725,1372568810030017
abolfazl184,taheri184,9724217051,97242066,97242,9724200325302707
abolfazl185,taheri185,6337085556,63370885,63370,6337017174637023
abolfazl186,taheri186,9285203823,92852565,92852,9285252332847522
abolfazl187,taheri187,4589406860,45894120,45894,4589445051801463
abolfazl188,taheri188,7524955510,75249752,75249,7524903402157712
abolfazl189,taheri189,4274572654,42745210,42745,4274534083846643
abolfazl190,taheri190,4828555830,48288558,4828,4828006172460506
abolfazl191,taheri191,7394587173,73945366,73945,7394556230476838
abolfazl192,taheri192,8609786224,86097883,86097,8609754151724817
abolfazl193,taheri193,3119326460,31193420,31193,3119310718582138
abolfazl194,taheri194,7137948073,71379305,71379,7137956475316165
abolfazl195,taheri195,1530935366,15309386,15309,1530902143215478
abolfazl196,taheri196,8580637048,85806372,85806,8580641063346377
abolfazl197,taheri197,4161770087,41617562,41617,4161762746886521
abolfazl198,taheri198,8079220254,80792710,80792,8079255525556478
abolfazl199,taheri199,5774580251,57745685,57745,5774583712534088
abolfazl200,taheri200,5436541361,54365312,54365,5436524840535351
abolfazl201,taheri201,2556252366,25562834,25562,2556210128184613
abolfazl202,taheri202,2827652271,28276158,28276,2827642822111061
abolfazl203,taheri203,5901410761,59013112,5901,5901238112444012
abolfazl204,taheri204,8397864007,83978512,83978,8397842681650441
abolfazl205,taheri205,6308534242,63085247,63085,6308574432321464
abolfazl206,taheri206,3861975414,38619822,38619,3861974770153422
abolfazl207,taheri207,1430817586,14308623,1430,1430865506400818
abolfazl208,taheri208,7092146075,70921526,70921,7092181722126744
abolfazl209,taheri209,8983814135,89838655,89838,8983872864040137
abolfazl210,taheri210,9425114447,94251566,94251,9425185855673701
abolfazl211,taheri211,3754905203,37549275,37549,3754980603671408
abolfazl212,taheri212,7674027027,76740183,76740,7674031827833052
abolfazl213,taheri213,6545566451,65455777,65455,6545583151785241
abolfazl214,taheri214,6171415381,61714241,61714,6171404763056763
abolfazl215,taheri215,2914273236,29142762,29142,2914261451472644
abolfazl216,taheri216,1139220032,11395066,1139,1139067428485142
abolfazl217,taheri217,2569828380,25698647,25698,2569822854678017
abolfazl218,taheri218,7918082780,79180882,79180,7918046732453052
abolfazl219,taheri219,9649628241,96496604,96496,9649684656064561
abolfazl220,taheri220,2919325154,29193876,29193,2919310800515842
abolfazl221,taheri221,5055933048,50559142,50559,5055907717474323
abolfazl222,taheri222,2221788267,22217331,22217,2221771251053008
abolfazl223,taheri223,3109364645,31093772,31093,3109345570668757
abolfazl224,taheri224,8071568754,80715111,80715,8071560372813248
abolfazl225,taheri225,9937484570,99374100,99374,9937412546376622
abolfazl226,taheri226,9613241745,96136403,9613,9613726445473385
abolfazl227,taheri227,1391104804,13911051,1391,1391187307020618
abolfazl228,taheri228,5625128444,56251327,56251,5625137755107227
abolfazl229,taheri229,9326641505,93266428,93266,9326683441086855
abolfazl230,taheri230,5320104123,53201852,53201,5320125780086120
abolfazl231,taheri231,5429333728,54293325,54293,5429305811607435
abolfazl232,taheri232,5086781155,50867308,50867,5086760486120514
abolfazl233,taheri233,7006755154,70067341,70067,7006788613732446
abolfazl234,taheri234,5351285543,53512768,53512,5351258871703735
abolfazl235,taheri235,7297026773,72975024,7297,7297614566733822
abolfazl236,taheri236,4955034444,49550388,49550,4955064640680214
abolfazl237,taheri237,6934912258,69349142,69349,6934924305403470
abolfazl238,taheri238,4172460531,41724834,41724,4172481304545322
abolfazl239,taheri239,2177621832,21776626,21776,2177658715085638
abolfazl240,taheri240,5206456130,52064166,52064,5206481150115237
abolfazl241,taheri241,8249057042,82490543,82490,8249061035233254
abolfazl242,taheri242,9112653347,91126078,91126,9112630562508012
abolfazl243,taheri243,7896508573,78965310,78965,7896522123413345
abolfazl244,taheri244,7526937601,75269787,75269,7526923577101314
abolfazl245,taheri245,8060925537,80609874,80609,8060960234752165
abolfazl246,taheri246,3308420311,33084304,33084,3308455148206844
abolfazl247,taheri247,3081066340,30810548,30810,3081081712502848
abolfazl248,taheri248,1135124883,11351368,11351,1135114607687871
abolfazl249,taheri249,2671311646,26713665,26713,2671304086350682
abolfazl250,taheri250,2939678170,29396673,29396,2939635431266143
abolfazl251,taheri251,7342828423,73428372,73428,7342846184832770
abolfazl252,taheri252,7365774313,73657226,73657,7365758324206570
abolfazl253,taheri253,7474244500,74742054,74742,7474218875555255
abolfazl254,taheri254,6407483572,64070426,6407,6407064554086625
abolfazl255,taheri255,3004928226,30049888,30049,3004984174663004
abolfazl256,taheri256,5953682342,59536337,59536,5953658181771115
abolfazl257,taheri257,1377444437,13774225,13774,1377400286473072
abolfazl258,taheri258,9907376645,99073617,99073,9907321342860840
abolfazl259,taheri259,3692923328,36929885,36929,3692910583278012
abolfazl260,taheri260,5473867587,54738553,54738,5473832287488877
abolfazl261,taheri261,9836908325,98369808,98369,9836931576502108
abolfazl262,taheri262,5954118770,59541617,59541,5954120540781708
abolfazl263,taheri263,8923141274,89231803,89231,8923115811674143
abolfazl264,taheri264,4726048484,47261040,4726,4726453267503627
abolfazl265,taheri265,3929970438,39299452,39299,3929950688878153
abolfazl266,taheri266,2649313016,26493818,26493,2649358037848261
abolfazl267,taheri267,9087428725,90874425,90874,9087417356587635
abolfazl268,taheri268,6673133404,66731668,66731,6673157814401323
abolfazl269,taheri269,7271278322,72712367,72712,7271205661857052
abolfazl270,taheri270,9385520154,93855346,93855,9385506451304066
abolfazl271,taheri271,4397201837,43972341,43972,4397226302650266
abolfazl272,taheri272,7680537505,76805837,76805,7680527875246531
abolfazl273,taheri273,1994603688,19941217,1994,1994326861148154
abolfazl274,taheri274,5508482550,55084356,55084,5508446252728348
abolfazl275,taheri275,7160634685,71606186,71606,7160677056533362
abolfazl276,taheri276,3160263274,31602448,31602,3160254324774573
abolfazl277,taheri277,7669857302,76698188,76698,7669806366061526
abolfazl278,taheri278,7097878724,70978602,70978,7097862151321645
abolfazl279,taheri279,9548653652,95486803,95486,9548666305446154
abolfazl280,taheri280,2893844242,28938585,28938,2893805730003362
abolfazl281,taheri281,9056166303,90561728,90561,9056120056287377
abolfazl282,taheri282,2408111616,24081641,24081,2408162172257358
abolfazl283,taheri283,8736602763,87366615,87366,8736620388667621
abolfazl284,taheri284,4192532724,41925046,41925,4192522073588118
abolfazl285,taheri285,8494560555,84945101,84945,8494557173886685
abolfazl286,taheri286,5269823748,52698157,52698,5269854443285156
abolfazl287,taheri287,4222607337,42226125,42226,4222621540755342
abolfazl288,taheri288,8134075852,81344742,8134,8134460311050144
abolfazl289,taheri289,3553306884,35533833,35533,3553361117257613
abolfazl290,taheri290,6533037655,65330672,65330,6533067248627485
abolfazl291,taheri291,4982021455,49822487,4982,4982525687234871
abolfazl292,taheri292,6146126157,61461344,61461,6146170086214006
abolfazl293,taheri293,4891381436,48913015,48913,4891316875005645
abolfazl294,taheri294,5191870502,51915230,5191,5191710335022581
abolfazl295,taheri295,7556913087,75569050,75569,7556947388255617
abolfazl296,taheri296,2692308400,26923230,26923,2692320543442230
abolfazl297,taheri297,6761533776,67615667,67615,6761533441675072
abolfazl298,taheri298,5594460214,55940285,5594,5594603710668570
abolfazl299,taheri299,4276228153,42762137,42762,4276242754062377
abolfazl300,taheri300,7485415882,74854244,74854,7485465043462551
abolfazl301,taheri301,8253656508,82536018,82536,8253615217378403
abolfazl302,taheri302,4244237538,42442207,42442,4244223258466517
abolfazl303,taheri303,4301467040,43014673,43014,4301473336524858
abolfazl304,taheri304,9554813776,95548566,95548,9554840577680234
abolfazl305,taheri305,7147662248,71476631,71476,7147617308646505
abolfazl306,taheri306,6401808827,64018670,64018,6401823748408115
abolfazl307,taheri307,1472380731,14723386,14723,1472322175433781
abolfazl308,taheri308,9780513018,97805004,97805,9780535575548258
abolfazl309,taheri309,2833472357,28334534,28334,2833472642816432
abolfazl310,taheri310,1824876838,18248113,18248,1824877278630688
abolfazl311,taheri311,5691775408,56917110,56917,5691721250077626
abolfazl312,taheri312,6276980731,62769275,62769,6276975868408008
abolfazl313,taheri313,7054221446,70542345,70542,7054253812423825
abolfazl314,taheri314,7840611155,78406217,78406,7840648447005482
abolfazl315,taheri315,7100285513,71002501,71002,7100254247254322
abolfazl316,taheri316,9995250730,99952414,99952,9995246300224823
abolfazl317,taheri317,7469227772,74692047,74692,7469245371072780
abolfazl318,taheri318,5170154768,51728741,517,5178412157481864
abolfazl319,taheri319,6939050236,69397013,6939,6939358126305417
abolfazl320,taheri320,7099206845,70992633,70992,7099201848883107
abolfazl321,taheri321,4364686488,43646723,43646,4364607440230322
abolfazl322,taheri322,9219700750,92197074,92197,9219737826650888
abolfazl323,taheri323,2025720830,20257432,20257,2025772577115258
abolfazl324,taheri324,6880973140,68809156,68809,6880962020222675
abolfazl325,taheri325,5083864220,50838740,50838,5083800636353246
abolfazl326,taheri326,9402658862,94026408,94026,9402627850652005
abolfazl327,taheri327,7176247661,71762346,71762,7176226157027632
abolfazl328,taheri328,3288576227,32885112,32885,3288530050271066
abolfazl329,taheri329,1301920182,13019173,13019,1301920111358472
abolfazl330,taheri330,7593763803,75937018,75937,7593731037455724
abolfazl331,taheri331,1578350407,15783537,15783,1578331357111067
abolfazl332,taheri332,5475666130,54756754,5475,5475258684560328
abolfazl333,taheri333,7803171313,78034316,7803,7803186371170045
abolfazl334,taheri334,3209622451,32096342,32096,3209622310803715
abolfazl335,taheri335,9127567058,91275716,91275,9127588244232884
abolfazl336,taheri336,1130680152,11306427,11306,1130618424511752
abolfazl337,taheri337,8986677040,89866033,89866,8986685772377104
abolfazl338,taheri338,8717947777,87179060,87179,8717977432438651
abolfazl339,taheri339,6881886677,68818142,68818,6881822263402382
abolfazl340,taheri340,4236245887,42362547,42362,4236266114215706
abolfazl341,taheri341,3403347871,34033735,34033,3403325340803712
abolfazl342,taheri342,6286651880,62866270,62866,6286665420603425
abolfazl343,taheri343,7859066141,78594278,7859,7859251142465368
abolfazl344,taheri344,6583961237,65839678,65839,6583971727831363
abolfazl345,taheri345,8191084530,81910045,81910,8191021315350307
abolfazl346,taheri346,6728814355,67288780,67288,6728873278836683
abolfazl347,taheri347,6669224407,66692533,66692,6669282508752808
abolfazl348,taheri348,7654363055,76543541,76543,7654333355673448
abolfazl349,taheri349,3072381352,30723772,30723,3072340818117745
abolfazl350,taheri350,9486235271,94862533,94862,9486234071673863
abolfazl351,taheri351,7803277130,78032533,78032,7803268852126708
abolfazl352,taheri352,7155184275,71556371,7155,7155264607505120
abolfazl353,taheri353,9733442228,97334514,97334,9733417473056765
abolfazl354,taheri354,2681448353,26814614,26814,2681453068383262
abolfazl355,taheri355,2370481143,23704468,23704,2370416201514540
abolfazl356,taheri356,3333056528,33330347,33330,3333076805527031
abolfazl357,taheri357,4966985704,49669873,49669,4966927347266263
abolfazl358,taheri358,8224454807,82244472,82244,8224421224600320
abolfazl359,taheri359,2637137636,26371274,26371,2637111313112782
abolfazl360,taheri360,4991286633,49912858,49912,4991275407773021
abolfazl361,taheri361,9169173612,91691414,91691,9169124805808612
abolfazl362,taheri362,3589423233,35894240,35894,3589411200807110
abolfazl363,taheri363,5328306673,53283407,53283,5328305053567312
abolfazl364,taheri364,5053305734,50533023,50533,5053323511113414
abolfazl365,taheri365,5203126363,52037433,5203,5203484057347806
abolfazl366,taheri366,1613352000,16133625,16133,1613307455733553
abolfazl367,taheri367,4019874661,40198723,40198,4019811468648806
abolfazl368,taheri368,3675486728,36754085,36754,3675412368380432
abolfazl369,taheri369,6294436761,62944358,62944,6294436671821735
abolfazl370,taheri370,4386756541,43867221,43867,4386778134740625
abolfazl371,taheri371,2222926253,22229758,22229,2222966750703036
abolfazl372,taheri372,9244774403,92447556,92447,9244784106017382
abolfazl373,taheri373,1197403304,11906561,119,1194010451727601
abolfazl374,taheri374,5156822381,51561527,5156,5156753578581555
abolfazl375,taheri375,8670138887,86701265,86701,8670144160128854
abolfazl376,taheri376,3101624683,31016718,31016,3101628157062612
abolfazl377,taheri377,6445885220,64458832,64458,6445816454273515
abolfazl378,taheri378,7975473362,79754416,79754,7975445478037524
abolfazl379,taheri379,3106315452,31063262,31063,3106363427466734
abolfazl380,taheri380,8859803010,88598817,88598,8859852826077011
abolfazl381,taheri381,6982644366,69826770,69826,6982636638118875
abolfazl382,taheri382,1592581645,15922166,1592,1592662563626045
abolfazl383,taheri383,3616663223,36166218,36166,3616608174572636
abolfazl384,taheri384,3508935008,35089355,35089,3508958636822607
abolfazl385,taheri385,5642485514,56424028,56424,5642432627752463
abolfazl386,taheri386,2928072774,29280168,29280,2928018272448276
abolfazl387,taheri387,4743716021,47437450,47437,4743788841318420
abolfazl388,taheri388,4565158363,45651813,45651,4565126451177642
abolfazl389,taheri389,5185651325,51856341,51856,5185636548613700
abolfazl390,taheri390,6175201826,61752530,61752,6175253707202877
abolfazl391,taheri391,1474650818,14746103,14746,1474635433656147
abolfazl392,taheri392,4927281655,49272725,49272,4927202464721736
abolfazl393,taheri393,9497824603,94978045,94978,9497813724816223
abolfazl394,taheri394,1830235687,18302716,18302,1830211217540523
abolfazl395,taheri395,3166701214,31667136,31667,3166700556210512
abolfazl396,taheri396,8392206568,83922324,83922,8392262143313482
abolfazl397,taheri397,2118818136,21181622,2118,2118088045848230
abolfazl398,taheri398,8406185865,84061436,84061,8406171142525017
abolfazl399,taheri399,1844474812,18444647,18444,1844415817371721
abolfazl400,taheri400,6613677377,66136232,66136,6613614404457502
abolfazl401,taheri401,9223644007,92236842,92236,9223688570127232
abolfazl402,taheri402,1405610016,14056423,14056,1405641600372724
abolfazl403,taheri403,3734656207,37346812,37346,3734680651684060
abolfazl404,taheri404,9775845068,97758544,97758,9775835160844567
abolfazl405,taheri405,1138118322,11381710,11381,1138133184328327
abolfazl406,taheri406,2550727136,25507666,25507,2550787580280853
abolfazl407,taheri407,5592616077,55926040,55926,5592673872237152
abolfazl408,taheri408,6224027620,62240500,62240,6224043417401645
abolfazl409,taheri409,1862564162,18625818,18625,1862536213387034
abolfazl410,taheri410,4097340403,40973163,4097,4097623180263300
abolfazl411,taheri411,7639365811,76393535,76393,7639340131400251
abolfazl412,taheri412,9256917362,92569241,92569,9256976321527257
abolfazl413,taheri413,3970262146,39702203,39702,3970260017564821
abolfazl414,taheri414,4608745522,46087350,46087,4608738478347877
abolfazl415,taheri415,8468956208,84689821,84689,8468978836535743
abolfazl416,taheri416,9601674400,96016266,96016,9601616530202656
abolfazl417,taheri417,3465328658,34654003,3465,3465062755403550
abolfazl418,taheri418,8655756402,86556721,8655,8655328575158812
abolfazl419,taheri419,3586140650,35861761,35861,3586102337617424
abolfazl420,taheri420,5828926733,58289512,58289,5828946467638650
abolfazl421,taheri421,2014127837,20141713,20141,2014126108575416
abolfazl422,taheri422,9482621700,94826128,94826,9482604838614833
abolfazl423,taheri423,2397963221,23979431,23979,2397978547237443
abolfazl424,taheri424,1397805233,13978463,13978,1397812543245718
abolfazl425,taheri425,5525776443,55251471,5525,5525408187533831
abolfazl426,taheri426,6054110878,60541420,60541,6054161183211308
abolfazl427,taheri427,1626711602,16267077,16267,1626777486101356
abolfazl428,taheri428,9100342213,91005718,9100,9100673171300256
abolfazl429,taheri429,5075986130,50759701,50759,5075951087382054
abolfazl430,taheri430,2484405782,24844033,24844,2484447061880776
abolfazl431,taheri431,7195202170,71952541,71952,7195210667353672
abolfazl432,taheri432,6358577710,63585371,63585,6358567680676121
abolfazl433,taheri433,3843212487,38432263,38432,3843271560882048
abolfazl434,taheri434,4968422822,49684672,49684,4968472714077617
abolfazl435,taheri435,8554771183,85547135,85547,8554736748846853
abolfazl436,taheri436,9423750511,94237836,94237,9423714055627680
abolfazl437,taheri437,2841433633,28414763,28414,2841483507477687
abolfazl438,taheri438,7236900617,72369643,72369,7236948570544864
abolfazl439,taheri439,6896346704,68963442,68963,6896346554404541
abolfazl440,taheri440,5798002840,57980406,57980,5798046672125852
abolfazl441,taheri441,8961330066,89613543,89613,8961301264306854
abolfazl442,taheri442,2211265270,22112421,22112,2211243502184163
abolfazl443,taheri443,4718166347,47181022,47181,4718177347226012
abolfazl444,taheri444,1652310126,16523354,16523,1652351345073005
abolfazl445,taheri445,5460977312,54609707,54609,5460918065671738
abolfazl446,taheri446,7305508127,73055800,73055,7305534682444461
abolfazl447,taheri447,4198758152,41987212,41987,4198702465207475
abolfazl448,taheri448,5739563821,57395347,57395,5739541176818333
abolfazl449,taheri449,2385356046,23853887,23853,2385322758613260
abolfazl450,taheri450,5067334170,50673557,50673,5067342573021205
abolfazl451,taheri451,8806815545,88068347,88068,8806884632484012
abolfazl452,taheri452,8235253416,82352218,82352,8235244260616012
abolfazl453,taheri453,6651011443,66510737,66510,6651041873145664
abolfazl454,taheri454,1103762623,11037120,11037,1103701357016055
abolfazl455,taheri455,5879322483,58793110,58793,5879382412376884
abolfazl456,taheri456,8406528842,84065348,84065,8406543112583717
abolfazl457,taheri457,6127283771,61272867,61272,6127210317871870
abolfazl458,taheri458,5650274021,56502167,56502,5650210167717605
abolfazl459,taheri459,1577511140,15775857,15775,1577518241027308
abolfazl460,taheri460,2741608763,27416173,27416,2741625514045712
abolfazl461,taheri461,7354713748,73547102,73547,7354755061383350
abolfazl462,taheri462,5707886018,57078304,57078,5707875816153374
abolfazl463,taheri463,3680653213,36806733,36806,3680610846638143
abolfazl464,taheri464,4993601382,49936624,49936,4993631634514058
abolfazl465,taheri465,6280082334,62800356,62800,6280005605027003
abolfazl466,taheri466,5613151365,56131110,56131,5613150877168842
abolfazl467,taheri467,2717373553,27173464,27173,2717340814680040
abolfazl468,taheri468,6732612231,67326538,67326,6732686074252184
abolfazl469,taheri469,6465115148,64607580,646,6466732821635502
abolfazl470,taheri470,5262760334,52627332,52627,5262736776172851
abolfazl471,taheri471,7792761734,77927183,77927,7792755276576414
abolfazl472,taheri472,6825586712,68255815,68255,6825560365156673
abolfazl473,taheri473,9232306727,92323641,92323,9232303245427480
abolfazl474,taheri474,1966070587,19660676,19660,1966030206751310
abolfazl475,taheri475,6997433585,69974076,69974,6997464041468803
abolfazl476,taheri476,3288128356,32881770,32881,3288104505624737
abolfazl477,taheri477,2775354117,27753107,27753,2775362863600038
abolfazl478,taheri478,9510826178,95108244,95108,9510840860464748
abolfazl479,taheri479,9038626300,90386178,90386,9038616483165545
abolfazl480,taheri480,1475137381,14751655,14751,1475102164630728
abolfazl481,taheri481,1850450681,18504827,18504,1850474508651708
abolfazl482,taheri482,6640720037,66407746,66407,6640701472137113
abolfazl483,taheri483,1995044847,19950567,19950,1995043567181024
abolfazl484,taheri484,7483645760,74836250,74836,7483643403783825
abolfazl485,taheri485,8080956753,80809453,80809,8080918050028373
abolfazl486,taheri486,7368746123,73687055,73687,7368706868273822
abolfazl487,taheri487,9572074341,95720227,95720,9572054301647777
abolfazl488,taheri488,5012951570,50129623,50129,5012987217045110
abolfazl489,taheri489,4940653105,49406077,49406,4940604855018533
abolfazl490,taheri490,3038260566,30382458,30382,3038240751688632
abolfazl491,taheri491,5379511617,53795607,53795,5379523327552881
abolfazl492,taheri492,6895370767,68953032,68953,6895353851452753
abolfazl493,taheri493,2518821164,25188373,25188,2518838102402265
abolfazl494,taheri494,9407681681,94074782,9407,9407687520881713
abolfazl495,taheri495,4963725605,49636785,4963,4963753556584271
abolfazl496,taheri496,9149700085,91497805,91497,9149720175703624
abolfazl497,taheri497,9029062730,90290005,90290,9029003264482264
abolfazl498,taheri498,9260287256,92602822,92602,9260270601866184
abolfazl499,taheri499,6576434262,65764848,65764,6576407472011123
abolfazl500,taheri500,1510940564,15109025,15109,1510982866885584
abolfazl501,taheri501,5888143358,58881615,58881,5888101418375827
abolfazl502,taheri502,6238268367,62382018,62382,6238246508742224
abolfazl503,taheri503,9515913170,95159416,95159,9515964875720500
abolfazl504,taheri504,3121484868,31214217,31214,3121482016586326
abolfazl505,taheri505,8431155260,84311548,84311,8431151730631040
abolfazl506,taheri506,4090448304,40904742,40904,4090485781343235
abolfazl507,taheri507,5096981517,50969307,50969,5096961556211187
abolfazl508,taheri508,7905548684,79055304,79055,7905536735165711
abolfazl509,taheri509,7304150335,73041313,73041,7304183315467351
abolfazl510,taheri510,2978682870,29786030,29786,2978610835626375
abolfazl511,taheri511,5045070600,50450648,50450,5045062356750368
abolfazl512,taheri512,8837573441,88375080,88375,8837580836260686
abolfazl513,taheri513,6196577016,61965467,61965,6196564868138456
abolfazl514,taheri514,9995911617,99959272,99959,9995950128603301
abolfazl515,taheri515,8595976218,85959212,85959,8595908065562632
abolfazl516,taheri516,2752103655,27521116,27521,2752140345541374
abolfazl517,taheri517,2801745105,28017212,28017,2801745706564025
abolfazl518,taheri518,2674730355,26747287,26747,2674721486118057
abolfazl519,taheri519,9468572737,94685512,94685,9468512557733732
abolfazl520,taheri520,7908623855,79086128,79086,7908635366460033
abolfazl521,taheri521,8655668577,86556840,86556,8655618547505260
abolfazl522,taheri522,8669653251,86696441,86696,8669618074533121
abolfazl523,taheri523,5530767250,55307085,55307,5530722037346160
abolfazl524,taheri524,7112577832,71125764,71125,7112547122747550
abolfazl525,taheri525,6234316512,62343381,62343,6234304758863138
abolfazl526,taheri526,2068317308,20683643,20683,2068327715454034
abolfazl527,taheri527,6994670582,69946537,69946,6994665432623554
abolfazl528,taheri528,5083363448,50833218,50833,5083360074587304
abolfazl529,taheri529,8520811353,85208804,85208,8520815240781661
abolfazl530,taheri530,6204242135,62048812,6204,6204314573078675
abolfazl531,taheri531,6367666268,63676260,63676,6367667327815086
abolfazl532,taheri532,4936818428,49368828,49368,4936866254228052
abolfazl533,taheri533,7257987258,72579488,72579,7257917844504648
abolfazl534,taheri534,6349226021,63492350,63492,6349280360126220
abolfazl535,taheri535,9565406483,95654485,95654,9565436664186511
abolfazl536,taheri536,1515565623,15155535,1515,1515527460718812
abolfazl537,taheri537,7766062028,77660710,77660,7766058657525711
abolfazl538,taheri538,8968905353,89689807,89689,8968964825482175
abolfazl539,taheri539,1415555637,14155623,14155,1415525586566821
abolfazl540,taheri540,2409846832,24097611,2409,2409065368845831
abolfazl541,taheri541,6898925445,68989067,68989,6898957605373485
abolfazl542,taheri542,2534915361,25349634,25349,2534923327478642
abolfazl543,taheri543,6088683354,60886152,60886,6088688454847547
abolfazl544,taheri544,8188784146,81887203,81887,8188758777766511
abolfazl545,taheri545,8929636346,89296767,89296,8929684135225886
abolfazl546,taheri546,3885368256,38853172,38853,3885328124435630
abolfazl547,taheri547,4510023147,45120243,451,4511746140583647
abolfazl548,taheri548,8105054712,81050877,81050,8105076385547808
abolfazl549,taheri549,4658750520,46587704,46587,4658755112751844
abolfazl550,taheri550,2388581441,23885661,23885,2388582024268811
abolfazl551,taheri551,8969130122,89691486,89691,8969123048370672
abolfazl552,taheri552,1900563830,19005637,19005,1900558787382233
abolfazl553,taheri553,5597400468,55974547,55974,5597487014148568
abolfazl554,taheri554,8400960770,84009641,84009,8400934887017588
abolfazl555,taheri555,6282738317,62827827,62827,6282771741654573
abolfazl556,taheri556,7214818465,72146652,7214,7214340862443351
abolfazl557,taheri557,4445711143,44457636,44457,4445736465677624
abolfazl558,taheri558,7401484811,74014215,74014,7401450444754017
abolfazl559,taheri559,3459262020,34592444,34592,3459216304083445
abolfazl560,taheri560,1057031716,10570712,10570,1057038087042866
abolfazl561,taheri561,8130274484,81302211,81302,8130224440558874
abolfazl562,taheri562,3777486340,37774860,37774,3777484010318513
abolfazl563,taheri563,7913670842,79136681,79136,7913674135872633
abolfazl564,taheri564,7448937842,74489246,74489,7448988133207072
abolfazl565,taheri565,1936058563,19360130,19360,1936063283116565
abolfazl566,taheri566,7161082281,71610358,71610,7161070148073541
abolfazl567,taheri567,7880434453,78803350,7880,7880481877073765
abolfazl568,taheri568,3814078777,38140476,38140,3814038852166527
abolfazl569,taheri569,8253556878,82535835,82535,8253545883048152
abolfazl570,taheri570,7299107717,72995448,7299,7299181004771072
abolfazl571,taheri571,5641471478,56414160,56414,5641421674117478
abolfazl572,taheri572,6947555715,69475388,69475,6947567515057217
abolfazl573,taheri573,4294507058,42945136,42945,4294535417572205
abolfazl574,taheri574,2596184123,25961584,25961,2596176038762051
abolfazl575,taheri575,3857887525,38578338,38578,3857847424685156
abolfazl576,taheri576,1083486503,10830850,1083,1083667084763082
abolfazl577,taheri577,7933527627,79335146,79335,7933530064216887
abolfazl578,taheri578,5262873546,52628833,52628,5262813721246860
abolfazl579,taheri579,3503032535,35030652,35030,3503062167826266
abolfazl580,taheri580,8966804425,89668107,89668,8966808046282727
abolfazl581,taheri581,4626530832,46265508,46265,4626511613084768
abolfazl582,taheri582,3988917332,39889211,39889,3988916187745353
abolfazl583,taheri583,8597563582,85975283,85975,8597520440778448
abolfazl584,taheri584,1792151030,17921418,17921,1792120455707216
abolfazl585,taheri585,6932777318,69327281,69327,6932730754253271
abolfazl586,taheri586,3124460155,31246835,3124,3124662068244552
abolfazl587,taheri587,7314237241,73142816,73142,7314263676317667
abolfazl588,taheri588,8090556018,80905733,80905,8090547055520781
abolfazl589,taheri589,4406148225,44061818,44061,4406111320314151
abolfazl590,taheri590,3042828823,30428533,30428,3042843828475383
abolfazl591,taheri591,1511213145,15112850,15112,1511278341430300
abolfazl592,taheri592,4506645131,45064431,4506,4506818178046101
abolfazl593,taheri593,7536137550,75361428,75361,7536165505740130
abolfazl594,taheri594,4315681704,43156377,43156,4315620116265833
abolfazl595,taheri595,1939860617,19398801,19398,1939812110833811
abolfazl596,taheri596,8983746733,89837684,89837,8983776203835102
abolfazl597,taheri597,5572567001,55725270,55725,5572580075658631
abolfazl598,taheri598,8213425712,82136641,8213,8213623115123835
abolfazl599,taheri599,8008268721,80082438,80082,8008275263357742
abolfazl600,taheri600,4132504312,41325177,4132,4132712216084353
abolfazl601,taheri601,2612324682,26123725,26123,2612307406566272
abolfazl602,taheri602,3572182260,35721801,35721,3572150254426552
abolfazl603,taheri603,7399178838,73991875,73991,7399101512475021
abolfazl604,taheri604,1584080272,15840487,15840,1584011464086512
abolfazl605,taheri605,3192227332,31922217,31922,3192254022444561
abolfazl606,taheri606,4010641086,40106565,40106,4010607162366872
abolfazl607,taheri607,5679588773,56795268,56795,5679525227782840
abolfazl608,taheri608,2206483371,22064787,22064,2206428443277672
abolfazl609,taheri609,5226034885,52260753,52260,5226058172054157
abolfazl610,taheri610,4672942573,46729342,46729,4672938305745567
abolfazl611,taheri611,8466060353,84660702,84660,8466061418235476
abolfazl612,taheri612,7843581452,78435336,78435,7843573348803415
abolfazl613,taheri613,6169755555,61697882,61697,6169743055753461
abolfazl614,taheri614,4970740302,49707770,49707,4970756004878178
abolfazl615,taheri615,4003511676,40035034,40035,4003584286335411
abolfazl616,taheri616,4374317270,43743451,43743,4374328111067870
abolfazl617,taheri617,8359651473,83596887,83596,8359604631805671
abolfazl618,taheri618,3710182372,37101675,37101,3710121012824854
abolfazl619,taheri619,6537830813,65378125,65378,6537877833887525
abolfazl620,taheri620,4874660385,48746568,48746,4874612067273280
abolfazl621,taheri621,8824783143,88247678,88247,8824754063635534
abolfazl622,taheri622,6560986864,65609823,65609,6560908043705308
abolfazl623,taheri623,5626221165,56262802,56262,5626200886274263
abolfazl624,taheri624,7269187575,72696773,7269,7269180270628242
abolfazl625,taheri625,5697303780,56973687,56973,5697334310832852
abolfazl626,taheri626,5352167416,53521001,53521,5352121636647435
abolfazl627,taheri627,7884915116,78849814,78849,7884907254351364
abolfazl628,taheri628,2092041400,20920048,20920,2092006788724308
abolfazl629,taheri629,7798081174,77980176,77980,7798081072203303
abolfazl630,taheri630,2575104136,25751402,25751,2575108487815785
abolfazl631,taheri631,8024777282,80247812,80247,8024767663372774
abolfazl632,taheri632,5658440266,56584008,56584,5658438342524143
abolfazl633,taheri633,1772661104,17726685,17726,1772638703603703
abolfazl634,taheri634,8433577804,84335741,84335,8433544323311083
abolfazl635,taheri635,5685847717,56858084,56858,5685838376425758
abolfazl636,taheri636,2758941477,27589454,27589,2758980888040715
abolfazl637,taheri637,3293005667,32930664,32930,3293052468335844
abolfazl638,taheri638,6663601170,66636733,66636,6663673788557761
abolfazl639,taheri639,3811606477,38116437,38116,3811673358254152
abolfazl640,taheri640,5046502137,50465565,50465,5046524321823624
abolfazl641,taheri641,1071658253,10716006,10716,1071664357738211
abolfazl642,taheri642,8295164331,82951364,82951,8295182450872567
abolfazl643,taheri643,7888538424,78883251,7888,7888053027625366
abolfazl644,taheri644,1558116343,15586672,155,1550677018135440
abolfazl645,taheri645,8538115436,85381241,85381,8538113633154766
abolfazl646,taheri646,6975946827,69759656,69759,6975941534763428
abolfazl647,taheri647,7695080776,76950784,76950,7695075880410235
abolfazl648,taheri648,9423320257,94233637,94233,9423363267388710
abolfazl649,taheri649,4257621402,42576212,42576,4257616735465200
abolfazl650,taheri650,9209046108,92090025,92090,9209041282230746
abolfazl651,taheri651,2070547454,20705688,20705,2070522511354621
abolfazl652,taheri652,3061256163,30612687,30612,3061211618885005
abolfazl653,taheri653,9611673324,96112387,9611,9611624518383205
abolfazl654,taheri654,2260160060,22601067,22601,2260156553628888
abolfazl655,taheri655,9377507812,93775082,93775,9377544115804817
abolfazl656,taheri656,6586974470,65869607,65869,6586951331555273
abolfazl657,taheri657,3694415880,36945547,3694,3694201870137801
abolfazl658,taheri658,3290584567,32905653,32905,3290580610710441
abolfazl659,taheri659,4227673540,42276823,42276,4227624413682024
abolfazl660,taheri660,2118274654,21182077,21182,2118205588523612
abolfazl661,taheri661,3910710581,39107183,39107,3910700276864617
abolfazl662,taheri662,8234238365,82342415,82342,8234204835657462
abolfazl663,taheri663,9357907052,93579700,93579,9357971875246404
abolfazl664,taheri664,8503546532,85035737,85035,8503523526278886
abolfazl665,taheri665,2005006673,20050617,20050,2005043121361282
abolfazl666,taheri666,2234372665,22347830,2234,2234515036037457
abolfazl667,taheri667,2173927085,21739074,21739,2173965720461080
abolfazl668,taheri668,9800600406,98006004,98006,9800676003205285
abolfazl669,taheri669,2992742268,29927311,29927,2992752803136377
abolfazl670,taheri670,4040372417,40403604,40403,4040348563018131
abolfazl671,taheri671,4918548620,49185440,49185,4918542241615875
abolfazl672,taheri672,9726657471,97266484,97266,9726654384674812
abolfazl673,taheri673,6253043032,62530555,62530,6253013474370875
abolfazl674,taheri674,2776320548,27763032,27763,2776301437214573
abolfazl675,taheri675,5219216867,52192521,52192,5219225271454746
abolfazl676,taheri676,8667232601,86672336,86672,8667202066241524
abolfazl677,taheri677,2370743887,23707718,23707,2370712888108368
abolfazl678,taheri678,1457180468,14570406,1457,1457232402081825
abolfazl679,taheri679,5597052454,55970200,55970,5597027753305164
abolfazl680,taheri680,3010167385,30101238,30101,3010151207746330
abolfazl681,taheri681,5713672381,57136742,57136,5713650222203865
abolfazl682,taheri682,6092567658,60925303,60925,6092532817616323
abolfazl683,taheri683,1325706334,13257581,13257,1325721041382331
abolfazl684,taheri684,2798124602,27981678,27981,2798152048681354
abolfazl685,taheri685,9377383073,93773031,93773,9377307544725082
abolfazl686,taheri686,6758408680,67584523,67584,6758420186854052
abolfazl687,taheri687,9330233473,93302171,93302,9330267081331823
abolfazl688,taheri688,4280423310,42801831,4280,4280567614325300
abolfazl689,taheri689,6143102628,61431722,61431,6143112318020000
abolfazl690,taheri690,4585720547,45857146,45857,4585728636255743
abolfazl691,taheri691,4227706114,42277424,42277,4227775022230630
abolfazl692,taheri692,3907475850,39074634,39074,3907455084224114
abolfazl693,taheri693,3758924426,37589774,37589,3758974464755811
abolfazl694,taheri694,2605250804,26052216,26052,2605203486247371
abolfazl695,taheri695,3350726254,33507638,33507,3350717341155564
abolfazl696,taheri696,1745856282,17451634,1745,1745467021746428
abolfazl697,taheri697,8677987014,86779256,86779,8677940567587768
abolfazl698,taheri698,8855876866,88558772,88558,8855833302561060
abolfazl699,taheri699,2750163780,27501667,27501,2750163325078517
abolfazl700,taheri700,9570332281,95703850,95703,9570308744778306
abolfazl701,taheri701,9202040268,92020456,92020,9202023336885714
abolfazl702,taheri702,7011502320,70115841,70115,7011522743111831
abolfazl703,taheri703,5923952675,59239817,59239,5923962826875766
abolfazl704,taheri704,6016726671,60167418,60167,6016784308742056
abolfazl705,taheri705,8887576357,88875748,88875,8887520847654576
abolfazl706,taheri706,1812862452,18128111,18128,1812844288374046
abolfazl707,taheri707,2261462381,22614155,22614,2261402400713204
abolfazl708,taheri708,3069380836,30693277,30693,3069301076181413
abolfazl709,taheri709,9963856251,99638361,99638,9963826555573334
abolfazl710,taheri710,7158934404,71589624,71589,7158901064408337
abolfazl711,taheri711,5893962002,58939027,58939,5893983231764680
abolfazl712,taheri712,1451865285,14518706,14518,1451855362020228
abolfazl713,taheri713,8192041764,81926242,8192,8192254462025135
abolfazl714,taheri714,2578605742,25786867,25786,2578668208016102
abolfazl715,taheri715,1092461454,10924768,10924,1092404035052546
abolfazl716,taheri716,4843983246,48439632,48439,4843966768325846
abolfazl717,taheri717,2001803237,20018032,20018,2001883372452852
abolfazl718,taheri718,7797013065,77970114,77970,7797087214222510
abolfazl719,taheri719,3851214007,38512445,38512,3851286310852662
abolfazl720,taheri720,2084131847,20841220,20841,2084158551232704
abolfazl721,taheri721,3929353144,39293587,39293,3929370345526424
abolfazl722,taheri722,3298908743,32989274,32989,3298923430866848
abolfazl723,taheri723,3275862684,32758724,32758,3275835734642332
abolfazl724,taheri724,2116105718,21161760,21161,2116130838028377
abolfazl725,taheri725,6029470357,60294585,60294,6029456562223811
abolfazl726,taheri726,9035968107,90359117,90359,9035932482244108
abolfazl727,taheri727,5019568363,50195545,50195,5019578516607680
abolfazl728,taheri728,3510225373,35102176,35102,3510227172780028
abolfazl729,taheri729,7364627873,73646668,73646,7364685180021868
abolfazl730,taheri730,3739082638,37390373,37390,3739032748158113
abolfazl731,taheri731,9839038522,98390135,98390,9839023772573480
abolfazl732,taheri732,9900508773,99008153,9900,9900414354147318
abolfazl733,taheri733,4828566171,48285703,48285,4828574777025652
abolfazl734,taheri734,5929730003,59297027,59297,5929783332283477
abolfazl735,taheri735,1869841383,18698334,18698,1869824610161750
abolfazl736,taheri736,9261361150,92613610,92613,9261344818782456
abolfazl737,taheri737,8491412648,84918365,8491,8491061075816483
abolfazl738,taheri738,7533122481,75331437,75331,7533151316843231
abolfazl739,taheri739,1539988055,15399655,15399,1539985018767771
abolfazl740,taheri740,9657548152,96575047,96575,9657530437536805
abolfazl741,taheri741,1117924707,11179787,11179,1117902425278258
abolfazl742,taheri742,7615544773,76150753,7615,7615307327323661
abolfazl743,taheri743,2699780128,26997763,26997,2699752428603416
abolfazl744,taheri744,3926574543,39265525,39265,3926543202126780
abolfazl745,taheri745,7586040421,75860853,75860,7586061767634514
abolfazl746,taheri746,2984654488,29846884,29846,2984672722368732
abolfazl747,taheri747,4735920174,47359884,47359,4735945822608060
abolfazl748,taheri748,5435952437,54359247,54359,5435903551818142
abolfazl749,taheri749,6769235605,67692722,67692,6769235274175371
abolfazl750,taheri750,8451584200,84515672,84515,8451524276130471
abolfazl751,taheri751,7745638288,77456521,77456,7745665863875822
abolfazl752,taheri752,4045381737,40453805,40453,4045368430153077
abolfazl753,taheri753,9153905305,91539034,91539,9153918282840440
abolfazl754,taheri754,6771218446,67712805,67712,6771267336827353
abolfazl755,taheri755,7822067311,78220414,78220,7822081203640126
abolfazl756,taheri756,4591135810,45911607,45911,4591106342762861
abolfazl757,taheri757,8474641005,84746000,84746,8474685361775412
abolfazl758,taheri758,5203444087,52034366,52034,5203402376422462
abolfazl759,taheri759,4001327267,40013226,40013,4001311285027046
abolfazl760,taheri760,7607553381,76077547,7607,7607381150547010
abolfazl761,taheri761,9564783387,95647470,95647,9564764631200577
abolfazl762,taheri762,4079830060,40798006,40798,4079807804678752
abolfazl763,taheri763,2962502316,29625124,29625,2962540485301265
abolfazl764,taheri764,9016041615,90165447,9016,9016405235865811
abolfazl765,taheri765,5208675411,52086130,52086,5208684453006136
abolfazl766,taheri766,5007282556,50076578,5007,5007063740075415
abolfazl767,taheri767,5058840135,50588501,50588,5058871155682537
abolfazl768,taheri768,4190306448,41903753,41903,4190347238837313
abolfazl769,taheri769,8734986286,87349177,87349,8734926070387655
abolfazl770,taheri770,4699283873,46992165,46992,4699210276422237
abolfazl771,taheri771,4775231807,47752348,47752,4775246763318467
abolfazl772,taheri772,4717083205,47170643,47170,4717040335202360
abolfazl773,taheri773,3649200248,36492512,36492,3649221876038345
abolfazl774,taheri774,4064335122,40643802,40643,4064377430588400
abolfazl775,taheri775,6915786856,69157418,69157,6915788244567622
abolfazl776,taheri776,2648831374,26488124,26488,2648826343637053
abolfazl777,taheri777,5484727646,54847873,54847,5484703472657546
abolfazl778,taheri778,1445200872,14452765,14452,1445218571130153
abolfazl779,taheri779,5291828784,52918670,52918,5291830670512643
abolfazl780,taheri780,1780817271,17808620,17808,1780801337628383
abolfazl781,taheri781,9560132526,95601226,95601,9560153032164087
abolfazl782,taheri782,6021651524,60216466,60216,6021685037704746
abolfazl783,taheri783,1809057787,18090365,18090,1809045768240101
abolfazl784,taheri784,4702236204,47022745,47022,4702240767543608
abolfazl785,taheri785,3035180061,30351166,30351,3035137251033266
abolfazl786,taheri786,1899125364,18991685,18991,1899154407058347
abolfazl787,taheri787,9749930274,97499500,97499,9749917862132166
abolfazl788,taheri788,9540852007,95408330,95408,9540871231766738
abolfazl789,taheri789,1531884765,15318606,15318,1531807147447073
abolfazl790,taheri790,2003646422,20011016,200,2005418215646257
abolfazl791,taheri791,4685575786,46855828,46855,4685570757006350
abolfazl792,taheri792,2956718453,29567522,29567,2956716353214136
abolfazl793,taheri793,9424215725,94242583,94242,9424247731385477
abolfazl794,taheri794,1008417007,10084462,10084,1008426306455432
abolfazl795,taheri795,8071334853,80713245,80713,8071383787862841
abolfazl796,taheri796,5628833812,56288736,56288,5628885277368722
abolfazl797,taheri797,3835635566,38356305,38356,3835678488330766
abolfazl798,taheri798,1425877380,14258600,14258,1425817773677753
abolfazl799,taheri799,9474060848,94740511,94740,9474053870560308
abolfazl800,taheri800,4036210405,40362721,40362,4036231524311728
abolfazl801,taheri801,6451064308,64510630,64510,6451061428152004
abolfazl802,taheri802,1721060460,17210574,17210,1721087776238637
abolfazl803,taheri803,5069906286,50699843,50699,5069964230718665
abolfazl804,taheri804,6126626172,61266063,61266,6126681832872402
abolfazl805,taheri805,9668616472,96686524,96686,9668673426280668
abolfazl806,taheri806,4709325274,47093652,47093,4709363335288441
abolfazl807,taheri807,2815005537,28155328,2815,2815057470835442
abolfazl808,taheri808,4979454485,49794666,49794,4979477817868616
abolfazl809,taheri809,7967046844,79670765,79670,7967061021537456
abolfazl810,taheri810,9071311167,90713504,90713,9071324842625501
abolfazl811,taheri811,9328501347,93285123,93285,9328584320252151
abolfazl812,taheri812,1597620607,15976454,15976,1597670843653002
abolfazl813,taheri813,3810086328,38100058,38100,3810040284662014
abolfazl814,taheri814,8145910552,81459234,81459,8145960841060182
abolfazl815,taheri815,3070011712,30768517,307,3073056647458664
abolfazl816,taheri816,5057066052,50570443,50570,5057080050152460
abolfazl817,taheri817,5651500228,56515610,56515,5651531227844272
abolfazl818,taheri818,6257338752,62573083,62573,6257386748570718
abolfazl819,taheri819,2140076668,21400420,21400,2140026262310778
abolfazl820,taheri820,6808837175,68083166,6808,6808758473473301
abolfazl821,taheri821,1151682433,11516478,11516,1151673680348344
abolfazl822,taheri822,6593583575,65935755,65935,6593588004054183
abolfazl823,taheri823,8857032316,88547130,885,8854781435352004
abolfazl824,taheri824,1573827043,15738117,15738,1573808440607552
abolfazl825,taheri825,1421837847,14218113,14218,1421873668781100
abolfazl826,taheri826,2337643343,23371514,2337,2337822550572525
abolfazl827,taheri827,2220457632,22204012,22204,2220454646421270
abolfazl828,taheri828,9152850116,91528867,91528,9152888185120177
abolfazl829,taheri829,8484138545,84841887,84841,8484157287166264
abolfazl830,taheri830,6171007516,61710852,61710,6171077876647340
abolfazl831,taheri831,8304331788,83043525,83043,8304316164531513
abolfazl832,taheri832,2031230164,20312430,20312,2031246073132474
abolfazl833,taheri833,3410676225,34106046,34106,3410682768374837
abolfazl834,taheri834,3043768071,30437682,30437,3043757354733820
abolfazl835,taheri835,9267781486,92677643,92677,9267721505353605
abolfazl836,taheri836,8721824022,87218723,87218,8721861618112510
abolfazl837,taheri837,2877488258,28774711,28774,2877478388085613
abolfazl838,taheri838,9980113135,99801608,99801,9980183314403588
abolfazl839,taheri839,8248536302,82485186,82485,8248517372884112
abolfazl840,taheri840,1459215805,14592010,14592,1459263217158857
abolfazl841,taheri841,8516431446,85164236,85164,8516448254244147
abolfazl842,taheri842,9296931132,92969373,92969,9296974670013887
abolfazl843,taheri843,9408004587,94080806,94080,9408036407176530
abolfazl844,taheri844,3283302758,32833585,32833,3283356242453510
abolfazl845,taheri845,4336940826,43369130,43369,4336928875683612
abolfazl846,taheri846,7055377022,70553307,70553,7055333353880665
abolfazl847,taheri847,6617446216,66174256,66174,6617450771278000
abolfazl848,taheri848,5094075024,50940356,50940,5094051337734345
abolfazl849,taheri849,5741131710,57411337,57411,5741120573066141
abolfazl850,taheri850,1459115271,14591275,14591,1459102054044366
abolfazl851,taheri851,5384452561,53844018,53844,5384464014355317
abolfazl852,taheri852,9441867470,94418686,94418,9441843572783621
abolfazl853,taheri853,2126676526,21266740,21266,2126615742461132
abolfazl854,taheri854,8316245535,83162268,83162,8316223618135841
abolfazl855,taheri855,3277874366,32778660,32778,3277850404818307
abolfazl856,taheri856,3214032828,32140137,32140,3214001746106557
abolfazl857,taheri857,9431565228,94315325,94315,9431550501514332
abolfazl858,taheri858,6709978125,67099826,67099,6709904003586864
abolfazl859,taheri859,9646436708,96466648,964,9648653787686381
abolfazl860,taheri860,5166802085,51668775,51668,5166810208023062
abolfazl861,taheri861,5185123712,51851641,51851,5185108114463428
abolfazl862,taheri862,9965676178,99656085,99656,9965631652034325
abolfazl863,taheri863,8195105526,81951505,81951,8195184816224613
abolfazl864,taheri864,6198348815,61983478,61983,6198305188287183
abolfazl865,taheri865,4918074405,49180542,49180,4918010616458166
abolfazl866,taheri866,2875814860,28758118,28758,2875857375311080
abolfazl867,taheri867,3351406014,33514610,33514,3351434036331520
abolfazl868,taheri868,2176770441,21767038,21767,2176715517784045
abolfazl869,taheri869,5088710032,50887643,50887,5088782458162416
abolfazl870,taheri870,6868107664,68688715,6868,6868803837262340
abolfazl871,taheri871,9534326041,95341081,9534,9534254741642257
abolfazl872,taheri872,5589503477,55895215,55895,5589574204283681
abolfazl873,taheri873,3154268558,31542472,31542,3154288776185564
abolfazl874,taheri874,5219912853,52199760,52199,5219938233222862
abolfazl875,taheri875,2975574632,29755083,29755,2975572364832787
abolfazl876,taheri876,1955244575,19552616,19552,1955237153804730
abolfazl877,taheri877,9190872166,91908718,91908,9190838726807105
abolfazl878,taheri878,4132752023,41327305,41327,4132767644358643
abolfazl879,taheri879,3750448487,37504458,37504,3750442287476108
abolfazl880,taheri880,2170505812,21705821,21705,2170528622048178
abolfazl881,taheri881,7197270307,71972386,71972,7197216753886431
abolfazl882,taheri882,1364016074,13640221,13640,1364006703630840
abolfazl883,taheri883,6515817825,65158242,65158,6515860731476823
abolfazl884,taheri884,4355322452,43551165,4355,4355044481076644
abolfazl885,taheri885,5345162045,53451576,53451,5345120385034760
abolfazl886,taheri886,3902040533,39020728,39020,3902043144663327
abolfazl887,taheri887,2351472218,23514047,23514,2351464633677445
abolfazl888,taheri888,6581846326,65818050,65818,6581888501713032
abolfazl889,taheri889,1468361664,14683860,14683,1468378806400325
abolfazl890,taheri890,6562234178,65622778,65622,6562275465314788
abolfazl891,taheri891,5890275321,58902055,58902,5890265503078502
abolfazl892,taheri892,7379912726,73799347,73799,7379987047121813
abolfazl893,taheri893,9481885208,94818568,94818,9481813371081274
abolfazl894,taheri894,5157952168,51579744,51579,5157948480105510
abolfazl895,taheri895,1427416155,14274437,14274,1427456674750576
abolfazl896,taheri896,2882538164,28825083,28825,2882515388668441
abolfazl897,taheri897,3748827048,37488866,37488,3748833535854110
abolfazl898,taheri898,5357328316,53575471,5357,5357511765362206
abolfazl899,taheri899,2126973108,21269041,21269,2126908633833247
abolfazl900,taheri900,6853024175,68533100,6853,6853440382670838
abolfazl901,taheri901,7818462018,78184264,78184,7818464003835627
abolfazl902,taheri902,1195417368,11954408,1195,1195731746457803
abolfazl903,taheri903,8279634415,82796112,82796,8279671127755606
abolfazl904,taheri904,5908075334,59080447,59080,5908010372003233
abolfazl905,taheri905,6389580500,63895803,63895,6389584620586750
abolfazl906,taheri906,4564160827,45641337,45641,4564174371773688
abolfazl907,taheri907,2468107160,24681505,24681,2468158544547488
abolfazl908,taheri908,4085828642,40858881,40858,4085824447326657
abolfazl909,taheri909,7704742286,77047635,77047,7704767872853360
abolfazl910,taheri910,8094027817,80940860,80940,8094006427888838
abolfazl911,taheri911,5608408016,56084418,56084,5608405647436514
abolfazl912,taheri912,8834651822,88346758,88346,8834661136102128
abolfazl913,taheri913,9252552317,92525152,92525,9252581363316311
abolfazl914,taheri914,2156987183,21569520,21569,2156964572665784
abolfazl915,taheri915,3604718684,36047148,36047,3604721078325228
abolfazl916,taheri916,6991523017,69915881,69915,6991584042320468
abolfazl917,taheri917,5930710008,59307326,59307,5930776180355614
abolfazl918,taheri918,1519450357,15194811,15194,1519424670100238
abolfazl919,taheri919,5747983247,57479602,57479,5747985530052340
abolfazl920,taheri920,2538877311,25388555,25388,2538813271886345
abolfazl921,taheri921,2469451810,24694500,24694,2469440452168012
abolfazl922,taheri922,8845483325,88454406,88454,8845411552246888
abolfazl923,taheri923,3888658642,38886834,38886,3888668162851771
abolfazl924,taheri924,9318730176,93187663,93187,9318740881175873
abolfazl925,taheri925,8096203032,80962024,80962,8096236523728066
abolfazl926,taheri926,8839640511,88396337,88396,8839657714011885
abolfazl927,taheri927,6858264664,68582052,68582,6858206655643041
abolfazl928,taheri928,1987745356,19877573,19877,1987742007258701
abolfazl929,taheri929,8431387874,84313587,84313,8431371228217476
abolfazl930,taheri930,6237276253,62372453,62372,6237210380318245
abolfazl931,taheri931,2364852630,23648861,23648,2364801602488124
abolfazl932,taheri932,3195688417,31956167,31956,3195687527133162
abolfazl933,taheri933,2876280247,28762450,28762,2876208837886878
abolfazl934,taheri934,3493027518,34930014,34930,3493045205372301
abolfazl935,taheri935,2025820811,20258765,20258,2025813855773523
abolfazl936,taheri936,4194105854,41941087,41941,4194116223411253
abolfazl937,taheri937,4694238454,46942025,46942,4694237533806102
abolfazl938,taheri938,2604827766,26048525,26048,2604863276140531
abolfazl939,taheri939,3590302775,35903043,35903,3590386706716368
abolfazl940,taheri940,1772555165,17725161,17725,1772553808781340
abolfazl941,taheri941,4600650302,46006241,46006,4600663460454218
abolfazl942,taheri942,9106286023,91062752,91062,9106250663600313
abolfazl943,taheri943,4940934702,49409816,49409,4940942530115684
abolfazl944,taheri944,7772082076,77720435,77720,7772052056504277
abolfazl945,taheri945,9659337534,96593583,96593,9659307280877488
abolfazl946,taheri946,9778588865,97785383,97785,9778588558078332
abolfazl947,taheri947,9820261744,98202726,98202,9820205430721871
abolfazl948,taheri948,2050286570,20502000,20502,2050235506122823
abolfazl949,taheri949,4879420653,48794278,48794,4879472353273133
abolfazl950,taheri950,3916577108,39165355,39165,3916587112083270
abolfazl951,taheri951,9167160541,91671434,91671,9167121187116632
abolfazl952,taheri952,5000326607,50003306,50003,5000308723737027
abolfazl953,taheri953,9954955600,99549088,99549,9954956163183683
abolfazl954,taheri954,7232801680,72328453,72328,7232820587881442
abolfazl955,taheri955,9608524473,96085681,96085,9608553264763272
abolfazl956,taheri956,1040152676,10401248,10401,1040132782386424
abolfazl957,taheri957,7290685137,72906372,72906,7290613804643631
abolfazl958,taheri958,9898122045,98981732,98981,9898184474061044
abolfazl959,taheri959,5265483615,52654822,52654,5265405768321334
abolfazl960,taheri960,9838752435,98387583,98387,9838734461034210
abolfazl961,taheri961,4661010570,46610822,46610,4661042743562871
abolfazl962,taheri962,2089864221,20898248,20898,2089803228860174
abolfazl963,taheri963,7006055003,70060586,70060,7006050173852772
abolfazl964,taheri964,8359238746,83592724,83592,8359216265557252
abolfazl965,taheri965,2609456630,26094204,26094,2609435276307504
abolfazl966,taheri966,4903346445,49036052,4903,4903364074812181
abolfazl967,taheri967,7935817778,79358537,79358,7935835172514870
abolfazl968,taheri968,2635536367,26355273,26355,2635504551141773
abolfazl969,taheri969,7683231007,76832125,76832,7683211037637568
abolfazl970,taheri970,9928273638,99282565,99282,9928288033663845
abolfazl971,taheri971,2426424736,24264306,24264,2426483670748823
abolfazl972,taheri972,8710744240,87107241,87107,8710776443086731
abolfazl973,taheri973,1294552460,12945511,12945,1294587147081375
abolfazl974,taheri974,4654724647,46547608,46547,4654745865215685
abolfazl975,taheri975,7819682535,78196212,78196,7819663354110321
abolfazl976,taheri976,9551371051,95513267,95513,9551354257855663
abolfazl977,taheri977,5665554140,56658131,5665,5665434137376464
abolfazl978,taheri978,8256716275,82567343,82567,8256710286003221
abolfazl979,taheri979,3025775768,30257372,30257,3025733855070141
abolfazl980,taheri980,9743787002,97437746,97437,9743740468455864
abolfazl981,taheri981,5176056738,51765507,5176,5176101685342880
abolfazl982,taheri982,3348726526,33487480,33487,3348770715347103
abolfazl983,taheri983,6646772155,66467304,66467,6646742042570336
abolfazl984,taheri984,6379242435,63792736,63792,6379227662208203
abolfazl985,taheri985,9503205550,95032118,95032,9503210855410264
abolfazl986,taheri986,9557924061,95579778,95579,9557977204532717
abolfazl987,taheri987,9635118704,96351748,96351,9635153528854364
abolfazl988,taheri988,6114758420,61147044,61147,6114773183584512
abolfazl989,taheri989,4479851571,44798044,44798,4479886786687452
abolfazl990,taheri990,5458461383,54584150,54584,5458422670023526
abolfazl991,taheri991,4867342843,48673873,48673,4867388020541185
abolfazl992,taheri992,5202642505,52026062,52026,5202653448648855
abolfazl993,taheri993,3538872606,35388714,35388,3538817805148301
abolfazl994,taheri994,1135056310,11350055,11350,1135015661822052
abolfazl995,taheri995,2525714338,25257053,25257,2525770268740008
abolfazl996,taheri996,3743623633,37436406,37436,3743685766882138
abolfazl997,taheri997,9779542786,97795854,97795,9779535675322375
abolfazl998,taheri998,1131528235,11315102,11315,1131528221175200
abolfazl999,taheri999,7907260713,79072332,79072,7907226810387482
